"id","uri","additional.name","given.name","family.name","full.name","birth.date","gender","constituency","party"
"177","http://lda.data.parliament.uk/members/177.csv","Richard","Gareth","Thomas","Mr Gareth Thomas","1967-07-15","Male","Harrow West","Labour (Co-op)"
"4000","http://lda.data.parliament.uk/members/4000.csv",NA,"Ian","Mearns","Ian Mearns","1957-04-21","Male","Gateshead","Labour"
"296","http://lda.data.parliament.uk/members/296.csv","Gschaider","Gisela","Stuart","Ms Gisela Stuart","1955-11-26","Female","Birmingham, Edgbaston","Labour"
"4003","http://lda.data.parliament.uk/members/4003.csv",NA,"Teresa","Pearce","Teresa Pearce","1955-02-01","Female","Erith and Thamesmead","Labour"
"3932","http://lda.data.parliament.uk/members/3932.csv",NA,"Daniel ","Poulter","Dr Daniel Poulter","1978-10-30","Male","Central Suffolk and North Ipswich","Conservative"
"1562","http://lda.data.parliament.uk/members/1562.csv",NA,"Robert","Goodwill","Mr Robert Goodwill","1956-12-31","Male","Scarborough and Whitby","Conservative"
"4273","http://lda.data.parliament.uk/members/4273.csv","Douglas","Michael","Thornton","Mr Mike Thornton","1952-05-01","Male","Eastleigh","Liberal Democrat"
"4095","http://lda.data.parliament.uk/members/4095.csv",NA,"Stephen","Barclay","Stephen Barclay","1972-06-30","Male","North East Cambridgeshire","Conservative"
"392","http://lda.data.parliament.uk/members/392.csv","John","Kevin","Barron","Kevin Barron","1946-10-26","Male","Rother Valley","Labour"
"3937","http://lda.data.parliament.uk/members/3937.csv",NA,"Aidan","Burley","Mr Aidan Burley","1979-01-22","Male","Cannock Chase","Conservative"
"1604","http://lda.data.parliament.uk/members/1604.csv","Kumar","Virendra","Sharma","Mr Virendra Sharma","1947-04-05","Male","Ealing, Southall","Labour"
"1549","http://lda.data.parliament.uk/members/1549.csv","Michael","Edward","Balls","Ed Balls","1967-02-25","Male","Morley and Outwood","Labour (Co-op)"
"400","http://lda.data.parliament.uk/members/400.csv",NA,"John","Healey","John Healey","1960-02-13","Male","Wentworth and Dearne","Labour"
"180","http://lda.data.parliament.uk/members/180.csv","Gordon","Frank","Dobson","Frank Dobson","1940-03-15","Male","Holborn and St Pancras","Labour"
"4110","http://lda.data.parliament.uk/members/4110.csv",NA,"Karen","Bradley","Karen Bradley","1970-03-12","Female","Staffordshire Moorlands","Conservative"
"1500","http://lda.data.parliament.uk/members/1500.csv","Anne","Theresa","Villiers","Mrs Theresa Villiers","1968-03-05","Female","Chipping Barnet","Conservative"
"1437","http://lda.data.parliament.uk/members/1437.csv","Eileen","Sylvia","Hermon","Lady Hermon","1955-08-11","Female","North Down","Independent"
"4055","http://lda.data.parliament.uk/members/4055.csv",NA,"Mark","Spencer","Mr Mark Spencer","1970-01-20","Male","Sherwood","Conservative"
"454","http://lda.data.parliament.uk/members/454.csv","Hugh","Michael","Meacher","Mr Michael Meacher","1939-11-04","Male","Oldham West and Royton","Labour"
"437","http://lda.data.parliament.uk/members/437.csv","Anthony","David","Crausby","Mr David Crausby","1946-06-17","Male","Bolton North East","Labour"
"3963","http://lda.data.parliament.uk/members/3963.csv",NA,"Michael","McCann","Mr Michael McCann","1964-01-02","Male","East Kilbride, Strathaven and Lesmahagow","Labour"
"157","http://lda.data.parliament.uk/members/157.csv","Geoffrey James","Richard","Ottaway","Sir Richard Ottaway","1945-05-24","Male","Croydon South","Conservative"
"3978","http://lda.data.parliament.uk/members/3978.csv",NA,"Simon","Reevell","Simon Reevell","1966-03-02","Male","Dewsbury","Conservative"
"4008","http://lda.data.parliament.uk/members/4008.csv",NA,"Caroline","Dinenage","Caroline Dinenage","1971-10-28","Female","Gosport","Conservative"
"473","http://lda.data.parliament.uk/members/473.csv","Phillip","Mark","Hendrick","Mark Hendrick","1958-11-02","Male","Preston","Labour (Co-op)"
"268","http://lda.data.parliament.uk/members/268.csv","James","Peter","Luff","Sir Peter Luff","1955-02-18","Male","Mid Worcestershire","Conservative"
"3958","http://lda.data.parliament.uk/members/3958.csv",NA,"Fiona","Bruce","Fiona Bruce","1957-03-26","Female","Congleton","Conservative"
"1584","http://lda.data.parliament.uk/members/1584.csv","David","John","Penrose","John Penrose","1964-06-22","Male","Weston-super-Mare","Conservative"
"4097","http://lda.data.parliament.uk/members/4097.csv",NA,"Elizabeth","Truss","Elizabeth Truss","1975-07-26","Female","South West Norfolk","Conservative"
"360","http://lda.data.parliament.uk/members/360.csv","Rodney","Vernon","Coaker","Vernon Coaker","1953-06-17","Male","Gedling","Labour"
"427","http://lda.data.parliament.uk/members/427.csv","Rothwell","Stephen","O'Brien","Mr Stephen O'Brien","1957-04-01","Male","Eddisbury","Conservative"
"4124","http://lda.data.parliament.uk/members/4124.csv","Susan","Chinyelu","Onwurah","Chi Onwurah","1965-04-12","Female","Newcastle upon Tyne Central","Labour"
"1507","http://lda.data.parliament.uk/members/1507.csv",NA,"Natascha","Engel","Natascha Engel","1967-04-09","Female","North East Derbyshire","Labour"
"230","http://lda.data.parliament.uk/members/230.csv","Peter James","Benjamin","Bradshaw","Mr Ben Bradshaw","1960-08-30","Male","Exeter","Labour"
"3935","http://lda.data.parliament.uk/members/3935.csv",NA,"Mel","Stride","Mel Stride","1961-09-30","Male","Central Devon","Conservative"
"3934","http://lda.data.parliament.uk/members/3934.csv",NA,"George","Eustice","George Eustice","1971-09-28","Male","Camborne and Redruth","Conservative"
"68","http://lda.data.parliament.uk/members/68.csv","Bruce","Peter","Lilley","Mr Peter Lilley","1943-08-23","Male","Hitchin and Harpenden","Conservative"
"4005","http://lda.data.parliament.uk/members/4005.csv",NA,"Bob","Blackman","Bob Blackman","1956-04-26","Male","Harrow East","Conservative"
"320","http://lda.data.parliament.uk/members/320.csv","Edward","Adrian","Bailey","Mr Adrian Bailey","1945-12-11","Male","West Bromwich West","Labour (Co-op)"
"478","http://lda.data.parliament.uk/members/478.csv",NA,"Frank","Field","Mr Frank Field","1942-07-16","Male","Birkenhead","Labour"
"1593","http://lda.data.parliament.uk/members/1593.csv",NA,"Sammy","Wilson","Sammy Wilson","1953-04-04","Male","East Antrim","Democratic Unionist"
"87","http://lda.data.parliament.uk/members/87.csv","James","Roger","Gale","Sir Roger Gale","1943-08-20","Male","North Thanet","Conservative"
"3953","http://lda.data.parliament.uk/members/3953.csv",NA,"Jason","McCartney","Jason McCartney","1968-01-29","Male","Colne Valley","Conservative"
"567","http://lda.data.parliament.uk/members/567.csv","Gerald","Peter","Hain","Mr Peter Hain","1950-02-16","Male","Neath","Labour"
"1529","http://lda.data.parliament.uk/members/1529.csv","Michael","David","Gauke","Mr David Gauke","1971-10-08","Male","South West Hertfordshire","Conservative"
"3951","http://lda.data.parliament.uk/members/3951.csv",NA,"Duncan","Hames","Duncan Hames","1977-06-16","Male","Chippenham","Liberal Democrat"
"4109","http://lda.data.parliament.uk/members/4109.csv",NA,"Jeremy","Lefroy","Jeremy Lefroy","1959-05-30","Male","Stafford","Conservative"
"553","http://lda.data.parliament.uk/members/553.csv",NA,"Ann","Clwyd","Ann Clwyd","1937-03-21","Female","Cynon Valley","Labour"
"1513","http://lda.data.parliament.uk/members/1513.csv",NA,"Jo","Swinson","Jo Swinson","1980-02-05","Female","East Dunbartonshire","Liberal Democrat"
"111","http://lda.data.parliament.uk/members/111.csv","John","Nicolas","Gibb","Mr Nick Gibb","1960-09-03","Male","Bognor Regis and Littlehampton","Conservative"
"389","http://lda.data.parliament.uk/members/389.csv","Louise","Caroline","Flint","Caroline Flint","1961-09-20","Female","Don Valley","Labour"
"3990","http://lda.data.parliament.uk/members/3990.csv",NA,"Richard","Graham","Richard Graham","1958-04-04","Male","Gloucester","Conservative"
"33","http://lda.data.parliament.uk/members/33.csv","Jack","Eric","Pickles","Mr Eric Pickles","1952-04-20","Male","Brentwood and Ongar","Conservative"
"4082","http://lda.data.parliament.uk/members/4082.csv",NA,"Lisa","Nandy","Lisa Nandy","1979-08-09","Female","Wigan","Labour"
"4269","http://lda.data.parliament.uk/members/4269.csv","Joseph","Andrew","McDonald","Andy McDonald","1958-03-08","Male","Middlesbrough","Labour"
"1554","http://lda.data.parliament.uk/members/1554.csv",NA,"Stephen","Crabb","Stephen Crabb","1973-01-20","Male","Preseli Pembrokeshire","Conservative"
"523","http://lda.data.parliament.uk/members/523.csv","Hugh","Nicholas","Brown","Mr Nicholas Brown","1950-06-13","Male","Newcastle upon Tyne East","Labour"
"4061","http://lda.data.parliament.uk/members/4061.csv",NA,"Bill ","Esterson","Bill Esterson","1967-06-30","Male","Sefton Central","Labour"
"3918","http://lda.data.parliament.uk/members/3918.csv",NA,"Jane ","Ellison","Jane Ellison","1964-08-15","Female","Battersea","Conservative"
"164","http://lda.data.parliament.uk/members/164.csv","McCulloch","Andrew","Love","Mr Andrew Love","1949-03-21","Male","Edmonton","Labour (Co-op)"
"40","http://lda.data.parliament.uk/members/40.csv","Christison","Bernard","Jenkin","Mr Bernard Jenkin","1959-04-09","Male","Harwich and North Essex","Conservative"
"3987","http://lda.data.parliament.uk/members/3987.csv",NA,"Rehman","Chishti","Rehman Chishti","1978-10-04","Male","Gillingham and Rainham","Conservative"
"4020","http://lda.data.parliament.uk/members/4020.csv",NA,"George","Freeman","George Freeman","1967-07-12","Male","Mid Norfolk","Conservative"
"1198","http://lda.data.parliament.uk/members/1198.csv","Anthony","David","Evennett","Mr David Evennett","1949-06-03","Male","Bexleyheath and Crayford","Conservative"
"3994","http://lda.data.parliament.uk/members/3994.csv",NA,"Andrew","Bingham","Andrew Bingham","1962-06-23","Male","High Peak","Conservative"
"150","http://lda.data.parliament.uk/members/150.csv",NA,"Harriet","Harman","Ms Harriet Harman","1950-07-30","Female","Camberwell and Peckham","Labour"
"3979","http://lda.data.parliament.uk/members/3979.csv",NA,"Angie","Bray","Angie Bray","1953-10-13","Female","Ealing Central and Acton","Conservative"
"1438","http://lda.data.parliament.uk/members/1438.csv","David","Kevan","Jones","Mr Kevan Jones","1964-04-25","Male","North Durham","Labour"
"3962","http://lda.data.parliament.uk/members/3962.csv",NA,"Thomas ","Docherty","Thomas Docherty","1975-01-28","Male","Dunfermline and West Fife","Labour"
"1605","http://lda.data.parliament.uk/members/1605.csv","Edward","Anthony","Timpson","Mr Edward Timpson","1973-12-26","Male","Crewe and Nantwich","Conservative"
"54","http://lda.data.parliament.uk/members/54.csv","Murray","Julian","Lewis","Dr Julian Lewis","1951-09-26","Male","New Forest East","Conservative"
"4019","http://lda.data.parliament.uk/members/4019.csv",NA,"Nicola","Blackwood","Nicola Blackwood","1979-10-16","Female","Oxford West and Abingdon","Conservative"
"227","http://lda.data.parliament.uk/members/227.csv","Henry","Andrew","George","Andrew George","1958-12-02","Male","St Ives","Liberal Democrat"
"1393","http://lda.data.parliament.uk/members/1393.csv","Jonathan Mortlock","Mark","Simmonds","Mark Simmonds","1964-04-12","Male","Boston and Skegness","Conservative"
"59","http://lda.data.parliament.uk/members/59.csv","Thomas","Michael","Hancock","Mr Mike Hancock","1946-04-09","Male","Portsmouth South","Independent"
"1466","http://lda.data.parliament.uk/members/1466.csv","William","Andrew","Murrison","Dr Andrew Murrison","1961-04-24","Male","South West Wiltshire","Conservative"
"152","http://lda.data.parliament.uk/members/152.csv","Iain","George","Duncan Smith","Mr Iain Duncan Smith","1954-04-09","Male","Chingford and Woodford Green","Conservative"
"3927","http://lda.data.parliament.uk/members/3927.csv",NA,"Mary","MacLeod","Mary Macleod","1969-01-04","Female","Brentford and Isleworth","Conservative"
"199","http://lda.data.parliament.uk/members/199.csv","Patricia","Karen","Buck","Ms Karen Buck","1958-08-30","Female","Westminster North","Labour"
"390","http://lda.data.parliament.uk/members/390.csv",NA,"Rosalie","Winterton","Ms Rosie Winterton","1958-08-10","Female","Doncaster Central","Labour"
"1498","http://lda.data.parliament.uk/members/1498.csv","Fraser","Mark","Williams","Mr Mark Williams","1966-03-24","Male","Ceredigion","Liberal Democrat"
"1603","http://lda.data.parliament.uk/members/1603.csv",NA,"Philip","Wilson","Phil Wilson","1959-05-31","Male","Sedgefield","Labour"
"4125","http://lda.data.parliament.uk/members/4125.csv",NA,"Catherine","McKinnell","Catherine McKinnell","1976-06-08","Female","Newcastle upon Tyne North","Labour"
"116","http://lda.data.parliament.uk/members/116.csv","Nicholas Winston","Arthur","Soames","Sir Nicholas Soames","1948-02-12","Male","Mid Sussex","Conservative"
"1478","http://lda.data.parliament.uk/members/1478.csv","David","Iain","Wright","Mr Iain Wright","1972-05-09","Male","Hartlepool","Labour"
"4142","http://lda.data.parliament.uk/members/4142.csv",NA,"Guy","Opperman","Guy Opperman","1965-05-18","Male","Hexham","Conservative"
"161","http://lda.data.parliament.uk/members/161.csv","Pelham","Stephen","Pound","Stephen Pound","1948-07-03","Male","Ealing North","Labour"
"3940","http://lda.data.parliament.uk/members/3940.csv",NA,"Craig","Whittaker","Craig Whittaker","1962-08-30","Male","Calder Valley","Conservative"
"1201","http://lda.data.parliament.uk/members/1201.csv","James Hendrie","Alistair","Burt","Alistair Burt","1955-05-25","Male","North East Bedfordshire","Conservative"
"4268","http://lda.data.parliament.uk/members/4268.csv","Mark Ward","Steven","Reed","Mr Steve Reed","1963-11-12","Male","Croydon North","Labour"
"1515","http://lda.data.parliament.uk/members/1515.csv",NA,"James","McGovern","Jim McGovern","1956-11-17","Male","Dundee West","Labour"
"55","http://lda.data.parliament.uk/members/55.csv","Angus","Desmond","Swayne","Mr Desmond Swayne","1956-08-20","Male","New Forest West","Conservative"
"3925","http://lda.data.parliament.uk/members/3925.csv",NA,"Julie ","Hilling","Julie Hilling","1959-06-30","Female","Bolton West","Labour"
"98","http://lda.data.parliament.uk/members/98.csv","Anthony","Shaun","Woodward","Mr Shaun Woodward","1958-10-26","Male","St Helens South and Whiston","Labour"
"4039","http://lda.data.parliament.uk/members/4039.csv",NA,"Joseph","Johnson","Joseph Johnson","1971-12-23","Male","Orpington","Conservative"
"1572","http://lda.data.parliament.uk/members/1572.csv",NA,"Jeremy","Hunt","Mr Jeremy Hunt","1966-11-01","Male","South West Surrey","Conservative"
"1591","http://lda.data.parliament.uk/members/1591.csv","James","Timothy","Farron","Tim Farron","1970-05-27","Male","Westmorland and Lonsdale","Liberal Democrat"
"4017","http://lda.data.parliament.uk/members/4017.csv",NA,"Penny","Mordaunt","Penny Mordaunt","1973-03-04","Female","Portsmouth North","Conservative"
"112","http://lda.data.parliament.uk/members/112.csv","Guy","Andrew","Tyrie","Mr Andrew Tyrie","1957-01-15","Male","Chichester","Conservative"
"1503","http://lda.data.parliament.uk/members/1503.csv","Ronald","Jamieson","Reed","Mr Jamie Reed","1973-08-04","Male","Copeland","Labour"
"146","http://lda.data.parliament.uk/members/146.csv","Strachan","Barry","Gardiner","Barry Gardiner","1957-03-10","Male","Brent North","Labour"
"3942","http://lda.data.parliament.uk/members/3942.csv",NA,"John","Stevenson","John Stevenson","1963-07-04","Male","Carlisle","Conservative"
"103","http://lda.data.parliament.uk/members/103.csv","Paul","Alexander","Beresford","Sir Paul Beresford","1946-04-06","Male","Mole Valley","Conservative"
"337","http://lda.data.parliament.uk/members/337.csv","Henry","Edward","Garnier","Sir Edward Garnier","1952-10-26","Male","Harborough","Conservative"
"3919","http://lda.data.parliament.uk/members/3919.csv",NA,"Bob","Stewart","Bob Stewart","1949-07-07","Male","Beckenham","Conservative"
"1567","http://lda.data.parliament.uk/members/1567.csv","Jane","Lorely","Burt","Lorely Burt","1954-09-10","Female","Solihull","Liberal Democrat"
"4025","http://lda.data.parliament.uk/members/4025.csv",NA,"Pauline","Latham","Pauline Latham","1948-02-04","Female","Mid Derbyshire","Conservative"
"67","http://lda.data.parliament.uk/members/67.csv","James","William","Clappison","Mr James Clappison","1956-09-14","Male","Hertsmere","Conservative"
"261","http://lda.data.parliament.uk/members/261.csv","Whiteside","James","Gray","Mr James Gray","1954-11-07","Male","North Wiltshire","Conservative"
"4131","http://lda.data.parliament.uk/members/4131.csv",NA,"Jim","Shannon","Jim Shannon","1955-03-25","Male","Strangford","Democratic Unionist"
"301","http://lda.data.parliament.uk/members/301.csv","Haines","Richard","Burden","Richard Burden","1954-09-01","Male","Birmingham, Northfield","Labour"
"1398","http://lda.data.parliament.uk/members/1398.csv",NA,"Wayne","David","Wayne David","1957-07-01","Male","Caerphilly","Labour"
"465","http://lda.data.parliament.uk/members/465.csv",NA,"Gordon","Marsden","Mr Gordon Marsden","1953-11-28","Male","Blackpool South","Labour"
"1394","http://lda.data.parliament.uk/members/1394.csv","Hugh","Roger","Williams","Roger Williams","1948-01-22","Male","Brecon and Radnorshire","Liberal Democrat"
"62","http://lda.data.parliament.uk/members/62.csv","Patrick Vincent","Alan","Whitehead","Dr Alan Whitehead","1950-09-15","Male","Southampton, Test","Labour"
"4070","http://lda.data.parliament.uk/members/4070.csv",NA,"Matthew","Hancock","Matthew Hancock","1978-10-02","Male","West Suffolk","Conservative"
"1512","http://lda.data.parliament.uk/members/1512.csv","Gordon","David","Mundell","David Mundell","1962-05-27","Male","Dumfriesshire, Clydesdale and Tweeddale","Conservative"
"1520","http://lda.data.parliament.uk/members/1520.csv","James","Mark","Harper","Mr Mark Harper","1970-02-26","Male","Forest of Dean","Conservative"
"3976","http://lda.data.parliament.uk/members/3976.csv",NA,"Chris","Williamson","Chris Williamson","1956-09-16","Male","Derby North","Labour"
"1588","http://lda.data.parliament.uk/members/1588.csv","Mary","Barbara","Keeley","Barbara Keeley","1952-03-26","Female","Worsley and Eccles South","Labour"
"639","http://lda.data.parliament.uk/members/639.csv","Hill","Robert","Smith","Sir Robert Smith","1958-04-15","Male","West Aberdeenshire and Kincardine","Liberal Democrat"
"104","http://lda.data.parliament.uk/members/104.csv","Jeremy Rupert","Crispin","Blunt","Crispin Blunt","1960-07-15","Male","Reigate","Conservative"
"28","http://lda.data.parliament.uk/members/28.csv","John","Norman","Baker","Norman Baker","1957-07-26","Male","Lewes","Liberal Democrat"
"245","http://lda.data.parliament.uk/members/245.csv","Andrew Raymond","Robert","Syms","Mr Robert Syms","1956-08-15","Male","Poole","Conservative"
"308","http://lda.data.parliament.uk/members/308.csv","Dolan","James","Cunningham","Mr Jim Cunningham","1941-02-04","Male","Coventry South","Labour"
"1523","http://lda.data.parliament.uk/members/1523.csv","Frances","Anne","Milton","Anne Milton","1955-11-03","Female","Guildford","Conservative"
"615","http://lda.data.parliament.uk/members/615.csv","Gray","Malcolm","Bruce","Sir Malcolm Bruce","1944-11-17","Male","Gordon","Liberal Democrat"
"244","http://lda.data.parliament.uk/members/244.csv","John","Robert","Walter","Mr Robert Walter","1948-05-30","Male","North Dorset","Conservative"
"175","http://lda.data.parliament.uk/members/175.csv","May","Glenda","Jackson","Glenda Jackson","1936-05-09","Female","Hampstead and Kilburn","Labour"
"1400","http://lda.data.parliament.uk/members/1400.csv","Denis","Kevin","Brennan","Kevin Brennan","1959-10-16","Male","Cardiff West","Labour"
"16","http://lda.data.parliament.uk/members/16.csv","Charles Roberts","Dominic","Grieve","Mr Dominic Grieve","1956-05-24","Male","Beaconsfield","Conservative"
"1545","http://lda.data.parliament.uk/members/1545.csv","Thomas Charles","David","Davies","David T. C. Davies","1970-07-27","Male","Monmouth","Conservative"
"1606","http://lda.data.parliament.uk/members/1606.csv","Michael","John","Howell","John Howell","1955-07-27","Male","Henley","Conservative"
"3914","http://lda.data.parliament.uk/members/3914.csv",NA,"Shabana","Mahmood","Shabana Mahmood","1980-09-17","Female","Birmingham, Ladywood","Labour"
"1431","http://lda.data.parliament.uk/members/1431.csv","Lesley","Annette","Brooke","Annette Brooke","1947-06-07","Female","Mid Dorset and North Poole","Liberal Democrat"
"4115","http://lda.data.parliament.uk/members/4115.csv",NA,"Margot","James","Margot James","1957-08-28","Female","Stourbridge","Conservative"
"441","http://lda.data.parliament.uk/members/441.csv",NA,"Ivan","Lewis","Mr Ivan Lewis","1967-03-04","Male","Bury South","Labour"
"1488","http://lda.data.parliament.uk/members/1488.csv","Phillip Victor","Brooks","Newmark","Mr Brooks Newmark","1958-05-08","Male","Braintree","Conservative"
"588","http://lda.data.parliament.uk/members/588.csv","Leslie","Russell","Brown","Mr Russell Brown","1951-09-17","Male","Dumfries and Galloway","Labour"
"4107","http://lda.data.parliament.uk/members/4107.csv",NA,"Harriett","Baldwin","Harriett Baldwin","1960-05-02","Female","West Worcestershire","Conservative"
"3926","http://lda.data.parliament.uk/members/3926.csv",NA,"Paul","Maynard","Paul Maynard","1975-12-16","Male","Blackpool North and Cleveleys","Conservative"
"3998","http://lda.data.parliament.uk/members/3998.csv",NA,"Mark","Menzies","Mark Menzies","1971-05-18","Male","Fylde","Conservative"
"328","http://lda.data.parliament.uk/members/328.csv","Mary","Margaret","Beckett","Margaret Beckett","1943-01-15","Female","Derby South","Labour"
"4047","http://lda.data.parliament.uk/members/4047.csv",NA,"Tom","Greatrex","Tom Greatrex","1974-09-30","Male","Rutherglen and Hamilton West","Labour (Co-op)"
"1446","http://lda.data.parliament.uk/members/1446.csv","John","Christopher","Bryant","Chris Bryant","1962-01-11","Male","Rhondda","Labour"
"14","http://lda.data.parliament.uk/members/14.csv","Alan","John","Redwood","Mr John Redwood","1951-06-15","Male","Wokingham","Conservative"
"61","http://lda.data.parliament.uk/members/61.csv","Yorke","John","Denham","Mr John Denham","1953-07-15","Male","Southampton, Itchen","Labour"
"1608","http://lda.data.parliament.uk/members/1608.csv","Allan","Lindsay","Roy","Lindsay Roy","1949-01-19","Male","Glenrothes","Labour"
"3960","http://lda.data.parliament.uk/members/3960.csv",NA,"Henry","Smith","Henry Smith","1969-05-14","Male","Crawley","Conservative"
"190","http://lda.data.parliament.uk/members/190.csv","Mary","Joan","Ruddock","Dame Joan Ruddock","1943-12-28","Female","Lewisham, Deptford","Labour"
"4054","http://lda.data.parliament.uk/members/4054.csv",NA,"Stephen","Phillips","Stephen Phillips","1970-03-09","Male","Sleaford and North Hykeham","Conservative"
"171","http://lda.data.parliament.uk/members/171.csv","Richard Nicolls","Wyvill","Raynsford","Mr Nick Raynsford","1945-01-28","Male","Greenwich and Woolwich","Labour"
"4041","http://lda.data.parliament.uk/members/4041.csv",NA,"Glyn","Davies","Glyn Davies","1944-02-16","Male","Montgomeryshire","Conservative"
"3920","http://lda.data.parliament.uk/members/3920.csv",NA,"Naomi","Long","Naomi Long","1971-12-13","Female","Belfast East","Alliance"
"3996","http://lda.data.parliament.uk/members/3996.csv",NA,"Andrew","Jones","Andrew Jones","1963-11-28","Male","Harrogate and Knaresborough","Conservative"
"1408","http://lda.data.parliament.uk/members/1408.csv","George William","Hugo","Swire","Mr Hugo Swire","1959-11-30","Male","East Devon","Conservative"
"1458","http://lda.data.parliament.uk/members/1458.csv","Gideon Oliver","George","Osborne","Mr George Osborne","1971-05-23","Male","Tatton","Conservative"
"4140","http://lda.data.parliament.uk/members/4140.csv",NA,"David","Nuttall","Mr David Nuttall","1962-03-25","Male","Bury North","Conservative"
"3948","http://lda.data.parliament.uk/members/3948.csv",NA,"Rebecca","Harris","Rebecca Harris","1967-12-22","Female","Castle Point","Conservative"
"247","http://lda.data.parliament.uk/members/247.csv",NA,"Oliver","Letwin","Mr Oliver Letwin","1956-05-19","Male","West Dorset","Conservative"
"1171","http://lda.data.parliament.uk/members/1171.csv","Dominic","Liam","Byrne","Mr Liam Byrne","1970-10-02","Male","Birmingham, Hodge Hill","Labour"
"4006","http://lda.data.parliament.uk/members/4006.csv",NA,"Matthew","Offord","Dr Matthew Offord","1969-09-03","Male","Hendon","Conservative"
"4128","http://lda.data.parliament.uk/members/4128.csv",NA,"Chuka","Umunna","Mr Chuka Umunna","1978-10-17","Male","Streatham","Labour"
"95","http://lda.data.parliament.uk/members/95.csv","David","Andrew","Smith","Mr Andrew Smith","1951-02-01","Male","Oxford East","Labour"
"333","http://lda.data.parliament.uk/members/333.csv","Allen","Patrick","McLoughlin","Mr Patrick McLoughlin","1957-11-30","Male","Derbyshire Dales","Conservative"
"345","http://lda.data.parliament.uk/members/345.csv","Julian Egerton","Edward","Leigh","Sir Edward Leigh","1950-07-20","Male","Gainsborough","Conservative"
"1454","http://lda.data.parliament.uk/members/1454.csv","David","John","Pugh","John Pugh","1948-06-28","Male","Southport","Liberal Democrat"
"583","http://lda.data.parliament.uk/members/583.csv",NA,"Thomas","Clarke","Mr Tom Clarke","1941-01-10","Male","Coatbridge, Chryston and Bellshill","Labour"
"403","http://lda.data.parliament.uk/members/403.csv",NA,"Gerard","Sutcliffe","Mr Gerry Sutcliffe","1953-05-13","Male","Bradford South","Labour"
"4009","http://lda.data.parliament.uk/members/4009.csv",NA,"Brandon","Lewis","Brandon Lewis","1971-06-20","Male","Great Yarmouth","Conservative"
"1486","http://lda.data.parliament.uk/members/1486.csv",NA,"David","Anderson","Mr David Anderson","1953-12-02","Male","Blaydon","Labour"
"458","http://lda.data.parliament.uk/members/458.csv","Ann","Margaret","Coffey","Ann Coffey","1946-08-31","Female","Stockport","Labour"
"306","http://lda.data.parliament.uk/members/306.csv","William","Robert","Ainsworth","Mr Bob Ainsworth","1952-06-19","Male","Coventry North East","Labour"
"4118","http://lda.data.parliament.uk/members/4118.csv",NA,"Julian","Smith","Julian Smith","1971-08-30","Male","Skipton and Ripon","Conservative"
"280","http://lda.data.parliament.uk/members/280.csv","Louis David","Michael","Fabricant","Michael Fabricant","1950-06-12","Male","Lichfield","Conservative"
"1418","http://lda.data.parliament.uk/members/1418.csv",NA,"Thomas","Harris","Mr Tom Harris","1964-02-20","Male","Glasgow South","Labour"
"4135","http://lda.data.parliament.uk/members/4135.csv",NA,"David","Morris","David Morris","1966-01-03","Male","Morecambe and Lunesdale","Conservative"
"3985","http://lda.data.parliament.uk/members/3985.csv",NA,"Robert","Halfon","Robert Halfon","1969-03-22","Male","Harlow","Conservative"
"3912","http://lda.data.parliament.uk/members/3912.csv",NA,"Richard","Fuller","Richard Fuller","1962-05-30","Male","Bedford","Conservative"
"151","http://lda.data.parliament.uk/members/151.csv","Anthony","Thomas","Brake","Tom Brake","1962-05-06","Male","Carshalton and Wallington","Liberal Democrat"
"4075","http://lda.data.parliament.uk/members/4075.csv",NA,"Chris","Pincher","Christopher Pincher","1969-09-24","Male","Tamworth","Conservative"
"4113","http://lda.data.parliament.uk/members/4113.csv",NA,"Nadhim","Zahawi","Nadhim Zahawi","1967-06-02","Male","Stratford-on-Avon","Conservative"
"3936","http://lda.data.parliament.uk/members/3936.csv",NA,"Andrew","Griffiths","Andrew Griffiths","1970-10-19","Male","Burton","Conservative"
"3913","http://lda.data.parliament.uk/members/3913.csv",NA,"Jack","Dromey","Jack Dromey","1948-09-21","Male","Birmingham, Erdington","Labour"
"483","http://lda.data.parliament.uk/members/483.csv",NA,"Maria","Eagle","Maria Eagle","1961-02-17","Female","Garston and Halewood","Labour"
"410","http://lda.data.parliament.uk/members/410.csv","Hedley","Jon","Trickett","Jon Trickett","1950-07-02","Male","Hemsworth","Labour"
"197","http://lda.data.parliament.uk/members/197.csv",NA,"James","Fitzpatrick","Jim Fitzpatrick","1952-04-04","Male","Poplar and Limehouse","Labour"
"3995","http://lda.data.parliament.uk/members/3995.csv",NA,"Nick","Boles","Nick Boles","1965-11-02","Male","Grantham and Stamford","Conservative"
"1583","http://lda.data.parliament.uk/members/1583.csv","Carol","Lyn","Brown","Lyn Brown","1960-04-13","Female","West Ham","Labour"
"44","http://lda.data.parliament.uk/members/44.csv","Anthony Andrew","David","Amess","Mr David Amess","1952-03-26","Male","Southend West","Conservative"
"638","http://lda.data.parliament.uk/members/638.csv","Kevin","Michael","Moore","Michael Moore","1965-06-03","Male","Berwickshire, Roxburgh and Selkirk","Liberal Democrat"
"3974","http://lda.data.parliament.uk/members/3974.csv",NA,"Claire","Perry","Claire Perry","1964-04-03","Female","Devizes","Conservative"
"4119","http://lda.data.parliament.uk/members/4119.csv",NA,"Jonathan","Reynolds","Jonathan Reynolds","1980-08-28","Male","Stalybridge and Hyde","Labour (Co-op)"
"3928","http://lda.data.parliament.uk/members/3928.csv",NA,"Nick","Smith","Nick Smith","1960-01-14","Male","Blaenau Gwent","Labour"
"3923","http://lda.data.parliament.uk/members/3923.csv",NA,"David","Ward","Mr David Ward","1953-06-24","Male","Bradford East","Liberal Democrat"
"484","http://lda.data.parliament.uk/members/484.csv","Joyce","Louise","Ellman","Mrs Louise Ellman","1945-11-14","Female","Liverpool, Riverside","Labour (Co-op)"
"242","http://lda.data.parliament.uk/members/242.csv","Robert","Christopher","Chope","Mr Christopher Chope","1947-05-19","Male","Christchurch","Conservative"
"1566","http://lda.data.parliament.uk/members/1566.csv","Robert","Daniel","Kawczynski","Daniel Kawczynski","1972-01-24","Male","Shrewsbury and Atcham","Conservative"
"605","http://lda.data.parliament.uk/members/605.csv",NA,"John","Robertson","John Robertson","1952-04-17","Male","Glasgow North West","Labour"
"307","http://lda.data.parliament.uk/members/307.csv",NA,"Geoffrey","Robinson","Mr Geoffrey Robinson","1938-05-25","Male","Coventry North West","Labour"
"4035","http://lda.data.parliament.uk/members/4035.csv",NA,"Steve","Rotheram","Steve Rotheram","1961-11-04","Male","Liverpool, Walton","Labour"
"1405","http://lda.data.parliament.uk/members/1405.csv","Christopher","Mark","Field","Mark Field","1964-10-06","Male","Cities of London and Westminster","Conservative"
"1463","http://lda.data.parliament.uk/members/1463.csv","Anthony","Thomas","Watson","Mr Tom Watson","1967-01-08","Male","West Bromwich East","Labour"
"12","http://lda.data.parliament.uk/members/12.csv","Margaret","Fiona","Mactaggart","Fiona Mactaggart","1953-09-12","Female","Slough","Labour"
"4022","http://lda.data.parliament.uk/members/4022.csv","Newton","Oliver","Colvile","Oliver Colvile","1959-08-26","Male","Plymouth, Sutton and Devonport","Conservative"
"3950","http://lda.data.parliament.uk/members/3950.csv",NA,"Tracey","Crouch","Tracey Crouch","1975-07-24","Female","Chatham and Aylesford","Conservative"
"1492","http://lda.data.parliament.uk/members/1492.csv","Roy","Stephen","Williams","Stephen Williams","1966-10-11","Male","Bristol West","Liberal Democrat"
"376","http://lda.data.parliament.uk/members/376.csv","Arthur","Alan","Johnson","Alan Johnson","1950-05-17","Male","Kingston upon Hull West and Hessle","Labour"
"3938","http://lda.data.parliament.uk/members/3938.csv",NA,"Anna","Soubry","Anna Soubry","1956-12-07","Female","Broxtowe","Conservative"
"4079","http://lda.data.parliament.uk/members/4079.csv",NA,"Julian","Sturdy","Julian Sturdy","1971-06-03","Male","York Outer","Conservative"
"422","http://lda.data.parliament.uk/members/422.csv","Michael","Christopher","Leslie","Chris Leslie","1972-06-28","Male","Nottingham East","Labour (Co-op)"
"1528","http://lda.data.parliament.uk/members/1528.csv","Alan","Michael","Penning","Mike Penning","1957-09-28","Male","Hemel Hempstead","Conservative"
"1522","http://lda.data.parliament.uk/members/1522.csv","James Harold","Adam","Holloway","Mr Adam Holloway","1965-07-29","Male","Gravesham","Conservative"
"194","http://lda.data.parliament.uk/members/194.csv","Henry Ward","Simon","Hughes","Simon Hughes","1951-05-17","Male","Bermondsey and Old Southwark","Liberal Democrat"
"274","http://lda.data.parliament.uk/members/274.csv","William","Owen","Paterson","Mr Owen Paterson","1956-06-24","Male","North Shropshire","Conservative"
"1497","http://lda.data.parliament.uk/members/1497.csv","Nancy","Jennifer","Willott","Jenny Willott","1974-05-29","Female","Cardiff Central","Liberal Democrat"
"1590","http://lda.data.parliament.uk/members/1590.csv","Sloan","Kathryn","Clark","Katy Clark","1967-07-03","Female","North Ayrshire and Arran","Labour"
"348","http://lda.data.parliament.uk/members/348.csv","Hannay Bailey","Peter","Tapsell","Sir Peter Tapsell","1930-02-01","Male","Louth and Horncastle","Conservative"
"432","http://lda.data.parliament.uk/members/432.csv","Mary","Helen","Jones","Helen Jones","1954-12-24","Female","Warrington North","Labour"
"255","http://lda.data.parliament.uk/members/255.csv","William St John","David","Heath","Mr David Heath","1954-03-16","Male","Somerton and Frome","Liberal Democrat"
"1552","http://lda.data.parliament.uk/members/1552.csv","Jane","Alison","Seabeck","Alison Seabeck","1954-01-20","Female","Plymouth, Moor View","Labour"
"3989","http://lda.data.parliament.uk/members/3989.csv",NA,"Jack","Lopresti","Jack Lopresti","1969-08-23","Male","Filton and Bradley Stoke","Conservative"
"126","http://lda.data.parliament.uk/members/126.csv","Robert","Keith","Simpson","Mr Keith Simpson","1949-03-29","Male","Broadland","Conservative"
"4096","http://lda.data.parliament.uk/members/4096.csv",NA,"Simon","Wright","Simon Wright","1979-09-15","Male","Norwich South","Liberal Democrat"
"1483","http://lda.data.parliament.uk/members/1483.csv","Alexander Melvin","John","Hemming","John Hemming","1960-03-16","Male","Birmingham, Yardley","Liberal Democrat"
"566","http://lda.data.parliament.uk/members/566.csv","Philip","Martin","Caton","Martin Caton","1951-06-15","Male","Gower","Labour"
"445","http://lda.data.parliament.uk/members/445.csv","Andrew","Robert","Stunell","Sir Andrew Stunell","1942-11-24","Male","Hazel Grove","Liberal Democrat"
"4130","http://lda.data.parliament.uk/members/4130.csv",NA,"Margaret","Ritchie","Ms Margaret Ritchie","1958-03-25","Female","South Down","Social Democratic & Labour Party"
"1388","http://lda.data.parliament.uk/members/1388.csv","Alexander","Nigel","Dodds","Mr Nigel Dodds","1958-08-20","Male","Belfast North","Democratic Unionist"
"1389","http://lda.data.parliament.uk/members/1389.csv","Leonard George","Gregory","Barker","Gregory Barker","1966-03-08","Male","Bexhill and Battle","Conservative"
"1501","http://lda.data.parliament.uk/members/1501.csv","Carol","Roberta","Blackman-Woods","Roberta Blackman-Woods","1957-08-16","Female","City of Durham","Labour"
"451","http://lda.data.parliament.uk/members/451.csv","Bernard","Gerald","Kaufman","Sir Gerald Kaufman","1930-06-21","Male","Manchester, Gorton","Labour"
"1601","http://lda.data.parliament.uk/members/1601.csv","James Macgillivray","Robert","Neill","Robert Neill","1952-06-24","Male","Bromley and Chislehurst","Conservative"
"1465","http://lda.data.parliament.uk/members/1465.csv",NA,"Pat","Doherty","Mr Pat Doherty","1945-07-18","Male","West Tyrone","Sinn Fein"
"4004","http://lda.data.parliament.uk/members/4004.csv",NA,"Mike","Freer","Mike Freer","1960-05-29","Male","Finchley and Golders Green","Conservative"
"4056","http://lda.data.parliament.uk/members/4056.csv",NA,"Nicholas","Dakin","Nic Dakin","1955-07-10","Male","Scunthorpe","Labour"
"172","http://lda.data.parliament.uk/members/172.csv","Julie","Diane","Abbott","Ms Diane Abbott","1953-09-27","Female","Hackney North and Stoke Newington","Labour"
"298","http://lda.data.parliament.uk/members/298.csv","James","Stephen","McCabe","Steve McCabe","1955-08-04","Male","Birmingham, Selly Oak","Labour"
"1534","http://lda.data.parliament.uk/members/1534.csv",NA,"Lee","Scott","Mr Lee Scott","1956-04-06","Male","Ilford North","Conservative"
"1550","http://lda.data.parliament.uk/members/1550.csv","Arthur Roland","Brian","Binley","Mr Brian Binley","1942-04-01","Male","Northampton South","Conservative"
"4105","http://lda.data.parliament.uk/members/4105.csv",NA,"Justin","Tomlinson","Justin Tomlinson","1976-11-05","Male","North Swindon","Conservative"
"1397","http://lda.data.parliament.uk/members/1397.csv",NA,"Hywel","Williams","Hywel Williams","1953-05-14","Male","Arfon","Plaid Cymru"
"4050","http://lda.data.parliament.uk/members/4050.csv",NA,"Gordon","Henderson","Gordon Henderson","1948-01-27","Male","Sittingbourne and Sheppey","Conservative"
"4264","http://lda.data.parliament.uk/members/4264.csv","John","Stephen","Doughty","Stephen Doughty","1980-04-15","Male","Cardiff South and Penarth","Labour (Co-op)"
"1482","http://lda.data.parliament.uk/members/1482.csv","Charles","Graham","Stuart","Mr Graham Stuart","1962-03-12","Male","Beverley and Holderness","Conservative"
"3954","http://lda.data.parliament.uk/members/3954.csv",NA,"Stephen","Mosley","Stephen Mosley","1972-06-12","Male","City of Chester","Conservative"
"4014","http://lda.data.parliament.uk/members/4014.csv",NA,"Alok","Sharma","Alok Sharma","1967-09-07","Male","Reading West","Conservative"
"1543","http://lda.data.parliament.uk/members/1543.csv","Sampson Macfarlane","John","Leech","Mr John Leech","1971-04-11","Male","Manchester, Withington","Liberal Democrat"
"3945","http://lda.data.parliament.uk/members/3945.csv",NA,"Sajid","Javid","Sajid Javid","1969-12-05","Male","Bromsgrove","Conservative"
"1533","http://lda.data.parliament.uk/members/1533.csv","Ruth","Diana","Johnson","Diana Johnson","1966-07-25","Female","Kingston upon Hull North","Labour"
"3986","http://lda.data.parliament.uk/members/3986.csv",NA,"Damian","Collins","Damian Collins","1974-02-04","Male","Folkestone and Hythe","Conservative"
"1565","http://lda.data.parliament.uk/members/1565.csv","Andrew","Philip","Davies","Philip Davies","1972-01-05","Male","Shipley","Conservative"
"4042","http://lda.data.parliament.uk/members/4042.csv",NA,"Owen","Smith","Owen Smith","1970-03-02","Male","Pontypridd","Labour"
"1538","http://lda.data.parliament.uk/members/1538.csv","Elizabeth","Rosemary","Cooper","Rosie Cooper","1950-09-05","Female","West Lancashire","Labour"
"4116","http://lda.data.parliament.uk/members/4116.csv",NA,"Michael","Ellis","Michael Ellis","1967-10-13","Male","Northampton North","Conservative"
"1392","http://lda.data.parliament.uk/members/1392.csv",NA,"Khalid","Mahmood","Mr Khalid Mahmood","1961-07-13","Male","Birmingham, Perry Barr","Labour"
"372","http://lda.data.parliament.uk/members/372.csv","Vernon","Austin","Mitchell","Austin Mitchell","1934-09-19","Male","Great Grimsby","Labour"
"1191","http://lda.data.parliament.uk/members/1191.csv","Leslie","Malcolm","Rifkind","Sir Malcolm Rifkind","1946-06-21","Male","Kensington","Conservative"
"4136","http://lda.data.parliament.uk/members/4136.csv",NA,"Nigel","Mills","Nigel Mills","1974-10-28","Male","Amber Valley","Conservative"
"223","http://lda.data.parliament.uk/members/223.csv",NA,"Liam","Fox","Dr Liam Fox","1961-09-22","Male","North Somerset","Conservative"
"1166","http://lda.data.parliament.uk/members/1166.csv","Peter","Jonathan","Evans","Jonathan Evans","1950-06-02","Male","Cardiff North","Conservative"
"4049","http://lda.data.parliament.uk/members/4049.csv",NA,"Mark","Reckless","Mark Reckless","1970-12-06","Male","Rochester and Strood","Conservative"
"513","http://lda.data.parliament.uk/members/513.csv","James","Alan","Beith","Sir Alan Beith","1943-04-20","Male","Berwick-upon-Tweed","Liberal Democrat"
"1493","http://lda.data.parliament.uk/members/1493.csv","Ashley Rupert","Charles","Walker","Mr Charles Walker","1967-09-11","Male","Broxbourne","Conservative"
"3952","http://lda.data.parliament.uk/members/3952.csv",NA,"Toby","Perkins","Toby Perkins","1970-08-12","Male","Chesterfield","Labour"
"3956","http://lda.data.parliament.uk/members/3956.csv","Elan","Susan","Jones","Susan Elan Jones","1968-06-01","Female","Clwyd South","Labour"
"1564","http://lda.data.parliament.uk/members/1564.csv","Christine","Angela","Smith","Angela Smith","1961-08-16","Female","Penistone and Stocksbridge","Labour"
"4093","http://lda.data.parliament.uk/members/4093.csv",NA,"Stephen","McPartland","Stephen McPartland","1976-08-09","Male","Stevenage","Conservative"
"4274","http://lda.data.parliament.uk/members/4274.csv",NA,"Francie","Molloy","Francie Molloy","1950-12-16","Male","Mid Ulster","Sinn Fein"
"1556","http://lda.data.parliament.uk/members/1556.csv","Owen Biggs","Robert","Wilson","Mr Rob Wilson","1965-01-04","Male","Reading East","Conservative"
"181","http://lda.data.parliament.uk/members/181.csv","Robert","John","Cryer","John Cryer","1964-04-11","Male","Leyton and Wanstead","Labour"
"1595","http://lda.data.parliament.uk/members/1595.csv","Terence","Conor","Murphy","Conor Murphy","1963-07-10","Male","Newry and Armagh","Sinn Fein"
"1530","http://lda.data.parliament.uk/members/1530.csv","Peter","James","Brokenshire","James Brokenshire","1968-01-08","Male","Old Bexley and Sidcup","Conservative"
"4112","http://lda.data.parliament.uk/members/4112.csv",NA,"Daniel","Byles","Dan Byles","1974-06-24","Male","North Warwickshire","Conservative"
"3991","http://lda.data.parliament.uk/members/3991.csv",NA,"Jesse","Norman","Jesse Norman","1962-06-23","Male","Hereford and South Herefordshire","Conservative"
"4018","http://lda.data.parliament.uk/members/4018.csv",NA,"Helen","Grant","Mrs Helen Grant","1961-09-28","Female","Maidstone and The Weald","Conservative"
"1444","http://lda.data.parliament.uk/members/1444.csv","Gino","Mark","Francois","Mr Mark Francois","1965-08-14","Male","Rayleigh and Wickford","Conservative"
"18","http://lda.data.parliament.uk/members/18.csv","Elise Kendall","Cheryl","Gillan","Mrs Cheryl Gillan","1952-04-21","Female","Chesham and Amersham","Conservative"
"3965","http://lda.data.parliament.uk/members/3965.csv",NA,"Sheila ","Gilmore","Sheila Gilmore","1949-10-01","Female","Edinburgh East","Labour"
"335","http://lda.data.parliament.uk/members/335.csv","Arthur Stephen","David","Tredinnick","David Tredinnick","1950-01-19","Male","Bosworth","Conservative"
"4094","http://lda.data.parliament.uk/members/4094.csv",NA,"Laura","Sandys","Laura Sandys","1964-06-05","Female","South Thanet","Conservative"
"4044","http://lda.data.parliament.uk/members/4044.csv",NA,"Andrew","Stephenson","Andrew Stephenson","1981-02-17","Male","Pendle","Conservative"
"3957","http://lda.data.parliament.uk/members/3957.csv",NA,"Martin","Vickers","Martin Vickers","1950-09-13","Male","Cleethorpes","Conservative"
"189","http://lda.data.parliament.uk/members/189.csv","Patrick","James","Dowd","Jim Dowd","1951-03-05","Male","Lewisham West and Penge","Labour"
"4126","http://lda.data.parliament.uk/members/4126.csv",NA,"Mary","Glindon","Mrs Mary Glindon","1957-01-13","Female","North Tyneside","Labour"
"1476","http://lda.data.parliament.uk/members/1476.csv","Huw","Ifor","Irranca-Davies","Huw Irranca-Davies","1963-01-22","Male","Ogmore","Labour"
"1424","http://lda.data.parliament.uk/members/1424.csv","Michael","Mark","Prisk","Mr Mark Prisk","1962-06-12","Male","Hertford and Stortford","Conservative"
"1525","http://lda.data.parliament.uk/members/1525.csv",NA,"Linda","Riordan","Mrs Linda Riordan","1953-05-31","Female","Halifax","Labour (Co-op)"
"8","http://lda.data.parliament.uk/members/8.csv","Mary","Theresa","May","Mrs Theresa May","1956-10-01","Female","Maidenhead","Conservative"
"1499","http://lda.data.parliament.uk/members/1499.csv","Charles","Martin","Horwood","Martin Horwood","1962-10-12","Male","Cheltenham","Liberal Democrat"
"1406","http://lda.data.parliament.uk/members/1406.csv",NA,"Jonathan","Cruddas","Jon Cruddas","1962-04-07","Male","Dagenham and Rainham","Labour"
"4139","http://lda.data.parliament.uk/members/4139.csv",NA,"Ian","Lavery","Ian Lavery","1963-01-06","Male","Wansbeck","Labour"
"39","http://lda.data.parliament.uk/members/39.csv","Flasby Lawrance","John","Whittingdale","Mr John Whittingdale","1959-10-16","Male","Maldon","Conservative"
"1555","http://lda.data.parliament.uk/members/1555.csv",NA,"Justine","Greening","Justine Greening","1969-04-30","Female","Putney","Conservative"
"1551","http://lda.data.parliament.uk/members/1551.csv","James","Stewart","Jackson","Mr Stewart Jackson","1965-01-31","Male","Peterborough","Conservative"
"35","http://lda.data.parliament.uk/members/35.csv","Edward","Robert","Russell","Sir Bob Russell","1946-03-31","Male","Colchester","Liberal Democrat"
"4024","http://lda.data.parliament.uk/members/4024.csv",NA,"Marcus","Jones","Mr Marcus Jones","1974-04-05","Male","Nuneaton","Conservative"
"1416","http://lda.data.parliament.uk/members/1416.csv",NA,"Michelle","Gildernew","Michelle Gildernew","1970-03-28","Female","Fermanagh and South Tyrone","Sinn Fein"
"4103","http://lda.data.parliament.uk/members/4103.csv",NA,"Pat","Glass","Pat Glass","1956-02-14","Female","North West Durham","Labour"
"570","http://lda.data.parliament.uk/members/570.csv",NA,"Frank","Doran","Mr Frank Doran","1949-04-13","Male","Aberdeen North","Labour"
"1526","http://lda.data.parliament.uk/members/1526.csv","William","Gregory","Hands","Greg Hands","1965-11-14","Male","Chelsea and Fulham","Conservative"
"4032","http://lda.data.parliament.uk/members/4032.csv",NA,"Stuart","Andrew","Stuart Andrew","1971-11-25","Male","Pudsey","Conservative"
"4137","http://lda.data.parliament.uk/members/4137.csv",NA,"Rory","Stewart","Rory Stewart","1973-01-03","Male","Penrith and The Border","Conservative"
"316","http://lda.data.parliament.uk/members/316.csv","Julian","David","Winnick","Mr David Winnick","1933-06-26","Male","Walsall North","Labour"
"1502","http://lda.data.parliament.uk/members/1502.csv","Ian","David","Jones","Mr David Jones","1952-03-22","Male","Clwyd West","Conservative"
"373","http://lda.data.parliament.uk/members/373.csv","Michael","David","Davis","Mr David Davis","1948-12-23","Male","Haltemprice and Howden","Conservative"
"4034","http://lda.data.parliament.uk/members/4034.csv",NA,"Yvonne","Fovargue","Yvonne Fovargue","1956-11-29","Female","Makerfield","Labour"
"4029","http://lda.data.parliament.uk/members/4029.csv",NA,"Lilian","Greenwood","Lilian Greenwood","1966-03-26","Female","Nottingham South","Labour"
"1496","http://lda.data.parliament.uk/members/1496.csv","Lakhman","Shailesh","Vara","Mr Shailesh Vara","1960-09-04","Male","North West Cambridgeshire","Conservative"
"411","http://lda.data.parliament.uk/members/411.csv","John","Barry","Sheerman","Mr Barry Sheerman","1940-08-17","Male","Huddersfield","Labour (Co-op)"
"249","http://lda.data.parliament.uk/members/249.csv","Robert","Geoffrey","Clifton-Brown","Geoffrey Clifton-Brown","1953-03-23","Male","The Cotswolds","Conservative"
"514","http://lda.data.parliament.uk/members/514.csv",NA,"Ronald","Campbell","Mr Ronnie Campbell","1943-08-14","Male","Blyth Valley","Labour"
"4043","http://lda.data.parliament.uk/members/4043.csv",NA,"Kris","Hopkins","Kris Hopkins","1963-06-08","Male","Keighley","Conservative"
"57","http://lda.data.parliament.uk/members/57.csv","Samuel Knatchbull","George","Young","Sir George Young","1941-07-16","Male","North West Hampshire","Conservative"
"115","http://lda.data.parliament.uk/members/115.csv","Anthony Aylmer","Francis","Maude","Mr Francis Maude","1953-07-04","Male","Horsham","Conservative"
"1578","http://lda.data.parliament.uk/members/1578.csv","Gregory","David","Clark","Greg Clark","1967-08-28","Male","Tunbridge Wells","Conservative"
"4246","http://lda.data.parliament.uk/members/4246.csv",NA,"Iain","McKenzie","Iain McKenzie","1959-04-04","Male","Inverclyde","Labour"
"415","http://lda.data.parliament.uk/members/415.csv",NA,"Fabian","Hamilton","Fabian Hamilton","1955-04-12","Male","Leeds North East","Labour"
"1399","http://lda.data.parliament.uk/members/1399.csv","Archibald Sinclair","John","Thurso","John Thurso","1953-09-10","Male","Caithness, Sutherland and Easter Ross","Liberal Democrat"
"336","http://lda.data.parliament.uk/members/336.csv","James","Stephen","Dorrell","Mr Stephen Dorrell","1952-03-25","Male","Charnwood","Conservative"
"636","http://lda.data.parliament.uk/members/636.csv","Catherine","Anne","McGuire","Mrs Anne McGuire","1949-05-26","Female","Stirling","Labour"
"4028","http://lda.data.parliament.uk/members/4028.csv",NA,"Karl","McCartney","Karl McCartney","1968-10-25","Male","Lincoln","Conservative"
"117","http://lda.data.parliament.uk/members/117.csv","James","Peter","Bottomley","Sir Peter Bottomley","1944-07-30","Male","Worthing West","Conservative"
"520","http://lda.data.parliament.uk/members/520.csv",NA,"Stephen","Hepburn","Mr Stephen Hepburn","1959-12-06","Male","Jarrow","Labour"
"253","http://lda.data.parliament.uk/members/253.csv","Anthony","Laurence","Robertson","Mr Laurence Robertson","1958-03-29","Male","Tewkesbury","Conservative"
"325","http://lda.data.parliament.uk/members/325.csv","Edward","Dennis","Skinner","Mr Dennis Skinner","1932-02-11","Male","Bolsover","Labour"
"4133","http://lda.data.parliament.uk/members/4133.csv",NA,"Andrew","Bridgen","Andrew Bridgen","1964-10-28","Male","North West Leicestershire","Conservative"
"1560","http://lda.data.parliament.uk/members/1560.csv","Paul","Jeremy","Wright","Jeremy Wright","1972-10-24","Male","Kenilworth and Southam","Conservative"
"4071","http://lda.data.parliament.uk/members/4071.csv",NA,"Sarah","Newton","Sarah Newton","1961-07-19","Female","Truro and Falmouth","Conservative"
"3944","http://lda.data.parliament.uk/members/3944.csv",NA,"Simon","Hart","Simon Hart","1963-08-15","Male","Carmarthen West and South Pembrokeshire","Conservative"
"1433","http://lda.data.parliament.uk/members/1433.csv",NA,"Angus","Robertson","Angus Robertson","1969-09-28","Male","Moray","Scottish National"
"4046","http://lda.data.parliament.uk/members/4046.csv",NA,"Bridget","Phillipson","Bridget Phillipson","1983-12-19","Female","Houghton and Sunderland South","Labour"
"4078","http://lda.data.parliament.uk/members/4078.csv",NA,"Paul","Uppal","Paul Uppal","1967-06-14","Male","Wolverhampton South West","Conservative"
"1540","http://lda.data.parliament.uk/members/1540.csv","Thomas","Gregory","Mulholland","Greg Mulholland","1970-08-31","Male","Leeds North West","Liberal Democrat"
"586","http://lda.data.parliament.uk/members/586.csv","Harold","Brian","Donohoe","Mr Brian H. Donohoe","1948-09-10","Male","Central Ayrshire","Labour"
"4064","http://lda.data.parliament.uk/members/4064.csv",NA,"Steve","Baker","Steve Baker","1971-06-06","Male","Wycombe","Conservative"
"4036","http://lda.data.parliament.uk/members/4036.csv",NA,"Luciana","Berger","Luciana Berger","1981-05-15","Female","Liverpool, Wavertree","Labour (Co-op)"
"1585","http://lda.data.parliament.uk/members/1585.csv","William","Stephen","Hammond","Stephen Hammond","1962-02-04","Male","Wimbledon","Conservative"
"4245","http://lda.data.parliament.uk/members/4245.csv",NA,"Paul","Maskey","Paul Maskey","1967-06-09","Male","Belfast West","Sinn Fein"
"384","http://lda.data.parliament.uk/members/384.csv","Caroline Ballingall","Anne","McIntosh","Miss Anne McIntosh","1954-09-20","Female","Thirsk and Malton","Conservative"
"1441","http://lda.data.parliament.uk/members/1441.csv","Campbell","Henry","Bellingham","Mr Henry Bellingham","1955-03-29","Male","North West Norfolk","Conservative"
"609","http://lda.data.parliament.uk/members/609.csv",NA,"George","Galloway","Mr George Galloway","1954-08-16","Male","Bradford West","Respect"
"1537","http://lda.data.parliament.uk/members/1537.csv","Thomas","Philip","Hollobone","Mr Philip Hollobone","1964-11-07","Male","Kettering","Conservative"
"4141","http://lda.data.parliament.uk/members/4141.csv",NA,"Eric","Ollerenshaw","Eric Ollerenshaw","1950-03-26","Male","Lancaster and Fleetwood","Conservative"
"133","http://lda.data.parliament.uk/members/133.csv","Laurie","David","Ruffley","Mr David Ruffley","1962-04-18","Male","Bury St Edmunds","Conservative"
"206","http://lda.data.parliament.uk/members/206.csv","Lindon","David","Lammy","Mr David Lammy","1972-07-19","Male","Tottenham","Labour"
"1411","http://lda.data.parliament.uk/members/1411.csv","Jerzy","Marek","Lazarowicz","Mark Lazarowicz","1953-08-08","Male","Edinburgh North and Leith","Labour (Co-op)"
"1462","http://lda.data.parliament.uk/members/1462.csv","Eileen","Angela","Watkinson","Dame  Angela Watkinson","1941-11-18","Female","Hornchurch and Upminster","Conservative"
"4212","http://lda.data.parliament.uk/members/4212.csv",NA,"Debbie","Abrahams","Debbie Abrahams","1960-09-15","Female","Oldham East and Saddleworth","Labour"
"4091","http://lda.data.parliament.uk/members/4091.csv",NA,"Robin","Walker","Mr Robin Walker","1978-04-12","Male","Worcester","Conservative"
"167","http://lda.data.parliament.uk/members/167.csv",NA,"Stephen","Twigg","Stephen Twigg","1966-12-25","Male","Liverpool, West Derby","Labour (Co-op)"
"626","http://lda.data.parliament.uk/members/626.csv",NA,"Frank","Roy","Mr Frank Roy","1958-08-29","Male","Motherwell and Wishaw","Labour"
"3949","http://lda.data.parliament.uk/members/3949.csv",NA,"Gregg","McClymont","Gregg McClymont","1976-06-03","Male","Cumbernauld, Kilsyth and Kirkintilloch East","Labour"
"178","http://lda.data.parliament.uk/members/178.csv","Martin","John","McDonnell","John McDonnell","1951-09-08","Male","Hayes and Harlington","Labour"
"1576","http://lda.data.parliament.uk/members/1576.csv","Andrew","Mark","Pritchard","Mark Pritchard","1966-11-22","Male","The Wrekin","Conservative"
"188","http://lda.data.parliament.uk/members/188.csv","Jonathon","Edward","Davey","Mr Edward Davey","1965-12-25","Male","Kingston and Surbiton","Liberal Democrat"
"4073","http://lda.data.parliament.uk/members/4073.csv",NA,"Sarah","Wollaston","Dr Sarah Wollaston","1962-02-17","Female","Totnes","Conservative"
"611","http://lda.data.parliament.uk/members/611.csv","Graham","Ian","Davidson","Mr Ian Davidson","1950-09-08","Male","Glasgow South West","Labour (Co-op)"
"3930","http://lda.data.parliament.uk/members/3930.csv",NA,"Caroline","Lucas","Caroline Lucas","1960-12-09","Female","Brighton, Pavilion","Green"
"1531","http://lda.data.parliament.uk/members/1531.csv","Choona","Lynne","Featherstone","Lynne Featherstone","1951-12-20","Female","Hornsey and Wood Green","Liberal Democrat"
"634","http://lda.data.parliament.uk/members/634.csv","Peter","Charles","Kennedy","Mr Charles Kennedy","1959-11-25","Male","Ross, Skye and Lochaber","Liberal Democrat"
"413","http://lda.data.parliament.uk/members/413.csv","James Wedgwood","Hilary","Benn","Hilary Benn","1953-11-26","Male","Leeds Central","Labour"
"1469","http://lda.data.parliament.uk/members/1469.csv","Anthony","Thomas","Cunningham","Sir Tony Cunningham","1952-09-16","Male","Workington","Labour"
"1541","http://lda.data.parliament.uk/members/1541.csv","Rhiannon","Nia","Griffith","Nia Griffith","1956-12-04","Female","Llanelli","Labour"
"3964","http://lda.data.parliament.uk/members/3964.csv",NA,"Fiona","O'Donnell","Fiona O'Donnell","1960-01-27","Female","East Lothian","Labour"
"4065","http://lda.data.parliament.uk/members/4065.csv",NA,"Jackie","Doyle-Price","Jackie Doyle-Price","1969-08-05","Female","Thurrock","Conservative"
"1390","http://lda.data.parliament.uk/members/1390.csv","Charles","John","Baron","Mr John Baron","1959-06-21","Male","Basildon and Billericay","Conservative"
"3911","http://lda.data.parliament.uk/members/3911.csv",NA,"Eilidh","Whiteford","Dr Eilidh Whiteford","1969-04-24","Female","Banff and Buchan","Scottish National"
"3931","http://lda.data.parliament.uk/members/3931.csv",NA,"Julian","Huppert","Dr Julian Huppert","1978-07-21","Male","Cambridge","Liberal Democrat"
"545","http://lda.data.parliament.uk/members/545.csv","Philip","Paul","Flynn","Paul Flynn","1935-02-09","Male","Newport West","Labour"
"4060","http://lda.data.parliament.uk/members/4060.csv",NA,"Jake","Berry","Jake Berry","1978-12-29","Male","Rossendale and Darwen","Conservative"
"4012","http://lda.data.parliament.uk/members/4012.csv",NA,"Graeme","Morrice","Graeme Morrice","1959-02-23","Male","Livingston","Labour"
"463","http://lda.data.parliament.uk/members/463.csv","Whitaker","John","Straw","Mr Jack Straw","1946-08-03","Male","Blackburn","Labour"
"136","http://lda.data.parliament.uk/members/136.csv","Stephen Kenneth","Timothy","Yeo","Mr Tim Yeo","1945-03-20","Male","South Suffolk","Conservative"
"4051","http://lda.data.parliament.uk/members/4051.csv",NA,"John","Glen","John Glen","1974-04-01","Male","Salisbury","Conservative"
"4027","http://lda.data.parliament.uk/members/4027.csv",NA,"Nicky","Morgan","Nicky Morgan","1972-10-10","Female","Loughborough","Conservative"
"4088","http://lda.data.parliament.uk/members/4088.csv",NA,"Stella","Creasy","Stella Creasy","1977-04-05","Female","Walthamstow","Labour (Co-op)"
"1470","http://lda.data.parliament.uk/members/1470.csv","Colin","Ian","Lucas","Ian Lucas","1960-09-18","Male","Wrexham","Labour"
"4083","http://lda.data.parliament.uk/members/4083.csv",NA,"Alison","McGovern","Alison McGovern","1980-12-30","Female","Wirral South","Labour"
"1573","http://lda.data.parliament.uk/members/1573.csv","Catherine","Sin","James","Mrs Sin C. James","1959-06-24","Female","Swansea East","Labour"
"533","http://lda.data.parliament.uk/members/533.csv","George","David","Hanson","Mr David Hanson","1957-07-05","Male","Delyn","Labour"
"4244","http://lda.data.parliament.uk/members/4244.csv",NA,"Jonathan","Ashworth","Jonathan Ashworth","1978-10-14","Male","Leicester South","Labour"
"1514","http://lda.data.parliament.uk/members/1514.csv",NA,"Stewart","Hosie","Stewart Hosie","1963-01-03","Male","Dundee East","Scottish National"
"364","http://lda.data.parliament.uk/members/364.csv","William","Graham","Allen","Mr Graham Allen","1953-01-11","Male","Nottingham North","Labour"
"3943","http://lda.data.parliament.uk/members/3943.csv",NA,"Jonathan ","Edwards","Jonathan Edwards","1976-04-26","Male","Carmarthen East and Dinefwr","Plaid Cymru"
"220","http://lda.data.parliament.uk/members/220.csv","John","Steven","Webb","Steve Webb","1965-07-18","Male","Thornbury and Yate","Liberal Democrat"
"401","http://lda.data.parliament.uk/members/401.csv","Roy","Michael","Wood","Mike Wood","1946-03-03","Male","Batley and Spen","Labour"
"1542","http://lda.data.parliament.uk/members/1542.csv","Martin","Philip","Dunne","Mr Philip Dunne","1958-08-14","Male","Ludlow","Conservative"
"304","http://lda.data.parliament.uk/members/304.csv","Duncan","Roger","Godsiff","Mr Roger Godsiff","1946-06-28","Male","Birmingham, Hall Green","Labour"
"4106","http://lda.data.parliament.uk/members/4106.csv",NA,"Robert","Buckland","Mr Robert Buckland","1968-09-22","Male","South Swindon","Conservative"
"1386","http://lda.data.parliament.uk/members/1386.csv","Alan","David","Heyes","David Heyes","1946-04-02","Male","Ashton-under-Lyne","Labour"
"1432","http://lda.data.parliament.uk/members/1432.csv",NA,"David","Hamilton","Mr David Hamilton","1950-10-24","Male","Midlothian","Labour"
"4076","http://lda.data.parliament.uk/members/4076.csv",NA,"Valerie","Vaz","Valerie Vaz","1955-06-30","Female","Walsall South","Labour"
"1539","http://lda.data.parliament.uk/members/1539.csv","Ben Lobban","Robert","Wallace","Mr Ben Wallace","1970-05-15","Male","Wyre and Preston North","Conservative"
"210","http://lda.data.parliament.uk/members/210.csv","Letitia","Catharine","Hoey","Kate Hoey","1946-06-21","Female","Vauxhall","Labour"
"4084","http://lda.data.parliament.uk/members/4084.csv",NA,"Esther","McVey","Esther McVey","1967-10-24","Female","Wirral West","Conservative"
"4063","http://lda.data.parliament.uk/members/4063.csv",NA,"Gemma","Doyle","Gemma Doyle","1981-06-30","Female","West Dunbartonshire","Labour (Co-op)"
"3972","http://lda.data.parliament.uk/members/3972.csv",NA,"Jenny","Chapman","Jenny Chapman","1973-09-25","Female","Darlington","Labour"
"4026","http://lda.data.parliament.uk/members/4026.csv",NA,"Elizabeth","Kendall","Liz Kendall","1971-06-11","Female","Leicester West","Labour"
"3973","http://lda.data.parliament.uk/members/3973.csv",NA,"Grahame","Morris","Grahame M. Morris","1961-03-13","Male","Easington","Labour"
"91","http://lda.data.parliament.uk/members/91.csv","Paul","John","Stanley","Sir John Stanley","1942-01-19","Male","Tonbridge and Malling","Conservative"
"529","http://lda.data.parliament.uk/members/529.csv",NA,"Alan","Campbell","Mr Alan Campbell","1957-07-08","Male","Tynemouth","Labour"
"3909","http://lda.data.parliament.uk/members/3909.csv",NA,"Pamela","Nash","Pamela Nash","1984-06-24","Female","Airdrie and Shotts","Labour"
"1536","http://lda.data.parliament.uk/members/1536.csv",NA,"Emily","Thornberry","Emily Thornberry","1960-07-27","Female","Islington South and Finsbury","Labour"
"1596","http://lda.data.parliament.uk/members/1596.csv",NA,"Alasdair","McDonnell","Dr Alasdair McDonnell","1949-09-01","Male","Belfast South","Social Democratic & Labour Party"
"414","http://lda.data.parliament.uk/members/414.csv","Edward","George","Mudie","Mr George Mudie","1945-02-06","Male","Leeds East","Labour"
"4074","http://lda.data.parliament.uk/members/4074.csv",NA,"Mark","Garnier","Mark Garnier","1963-02-26","Male","Wyre Forest","Conservative"
"591","http://lda.data.parliament.uk/members/591.csv","Gordon","James","Brown","Mr Gordon Brown","1951-02-20","Male","Kirkcaldy and Cowdenbeath","Labour"
"479","http://lda.data.parliament.uk/members/479.csv","Edward","Joseph","Benton","Mr Joe Benton","1933-09-28","Male","Bootle","Labour"
"4013","http://lda.data.parliament.uk/members/4013.csv",NA,"Gavin","Shuker","Gavin Shuker","1981-10-10","Male","Luton South","Labour (Co-op)"
"428","http://lda.data.parliament.uk/members/428.csv","Peter","Andrew","Miller","Andrew Miller","1949-03-23","Male","Ellesmere Port and Neston","Labour"
"15","http://lda.data.parliament.uk/members/15.csv","Roy","David","Lidington","Mr David Lidington","1956-06-30","Male","Aylesbury","Conservative"
"467","http://lda.data.parliament.uk/members/467.csv","Harvey","Lindsay","Hoyle","Mr Lindsay Hoyle","1957-06-10","Male","Chorley","Labour"
"1447","http://lda.data.parliament.uk/members/1447.csv","Richard","Andrew","Rosindell","Andrew Rosindell","1966-03-17","Male","Romford","Conservative"
"572","http://lda.data.parliament.uk/members/572.csv","Anne","Margaret","Begg","Dame  Anne Begg","1955-12-06","Female","Aberdeen South","Labour"
"4031","http://lda.data.parliament.uk/members/4031.csv",NA,"Rachel","Reeves","Rachel Reeves","1979-02-13","Female","Leeds West","Labour"
"318","http://lda.data.parliament.uk/members/318.csv","Francis","John","Spellar","Mr John Spellar","1947-08-05","Male","Warley","Labour"
"1582","http://lda.data.parliament.uk/members/1582.csv",NA,"Grant","Shapps","Grant Shapps","1968-09-14","Male","Welwyn Hatfield","Conservative"
"4067","http://lda.data.parliament.uk/members/4067.csv",NA,"Steve","Brine","Steve Brine","1974-01-28","Male","Winchester","Conservative"
"4265","http://lda.data.parliament.uk/members/4265.csv",NA,"Andrew","Sawford","Andy Sawford","1976-03-15","Male","Corby","Labour (Co-op)"
"1594","http://lda.data.parliament.uk/members/1594.csv","Mark","John","Durkan","Mark Durkan","1960-06-26","Male","Foyle","Social Democratic & Labour Party"
"4072","http://lda.data.parliament.uk/members/4072.csv",NA,"Neil","Parish","Neil Parish","1956-05-26","Male","Tiverton and Honiton","Conservative"
"4040","http://lda.data.parliament.uk/members/4040.csv",NA,"Chris","Evans","Chris Evans","1976-07-07","Male","Islwyn","Labour (Co-op)"
"449","http://lda.data.parliament.uk/members/449.csv","Eric","Graham","Stringer","Graham Stringer","1950-02-17","Male","Blackley and Broughton","Labour"
"1385","http://lda.data.parliament.uk/members/1385.csv",NA,"Alan","Reid","Mr Alan Reid","1954-08-07","Male","Argyll and Bute","Liberal Democrat"
"207","http://lda.data.parliament.uk/members/207.csv","Vincent","John","Cable","Vince Cable","1943-05-09","Male","Twickenham","Liberal Democrat"
"2","http://lda.data.parliament.uk/members/2.csv","Peter","Kelvin","Hopkins","Kelvin Hopkins","1941-08-22","Male","Luton North","Labour"
"1580","http://lda.data.parliament.uk/members/1580.csv","Henry Butler","Edward","Vaizey","Mr Edward Vaizey","1968-06-05","Male","Wantage","Conservative"
"4316","http://lda.data.parliament.uk/members/4316.csv","Joseph Patrick","Michael","Kane","Mike Kane","1968-06-01","Male","Wythenshawe and Sale East","Labour"
"602","http://lda.data.parliament.uk/members/602.csv",NA,"Michael","Connarty","Michael Connarty","1947-09-03","Male","Linlithgow and East Falkirk","Labour"
"4033","http://lda.data.parliament.uk/members/4033.csv",NA,"David","Rutley","David Rutley","1961-03-07","Male","Macclesfield","Conservative"
"93","http://lda.data.parliament.uk/members/93.csv","Brian","Anthony","Baldry","Sir Tony Baldry","1950-07-10","Male","Banbury","Conservative"
"3924","http://lda.data.parliament.uk/members/3924.csv",NA,"Yasmin ","Qureshi","Yasmin Qureshi","1963-07-05","Female","Bolton South East","Labour"
"1384","http://lda.data.parliament.uk/members/1384.csv","Fraser","Michael","Weir","Mr Mike Weir","1957-03-24","Male","Angus","Scottish National"
"46","http://lda.data.parliament.uk/members/46.csv","Hugh McGuigan","Simon","Burns","Mr Simon Burns","1952-09-06","Male","Chelmsford","Conservative"
"338","http://lda.data.parliament.uk/members/338.csv","Keith Anthony Standish","(Nigel)","Vaz","Keith Vaz","1956-11-26","Male","Leicester East","Labour"
"4048","http://lda.data.parliament.uk/members/4048.csv",NA,"Caroline","Nokes","Caroline Nokes","1972-06-26","Female","Romsey and Southampton North","Conservative"
"1586","http://lda.data.parliament.uk/members/1586.csv",NA,"Adam","Afriyie","Adam Afriyie","1965-08-04","Male","Windsor","Conservative"
"4089","http://lda.data.parliament.uk/members/4089.csv",NA,"Tessa","Munt","Tessa Munt","1959-10-16","Female","Wells","Liberal Democrat"
"47","http://lda.data.parliament.uk/members/47.csv","Gerald Douglas","James","Howarth","Sir Gerald Howarth","1947-09-12","Male","Aldershot","Conservative"
"1491","http://lda.data.parliament.uk/members/1491.csv",NA,"Kerry","McCarthy","Kerry McCarthy","1965-03-26","Female","Bristol East","Labour"
"1581","http://lda.data.parliament.uk/members/1581.csv","William","Peter","Bone","Mr Peter Bone","1952-10-19","Male","Wellingborough","Conservative"
"1409","http://lda.data.parliament.uk/members/1409.csv","Lloyd","Gregory","Campbell","Mr Gregory Campbell","1953-02-15","Male","East Londonderry","Democratic Unionist"
"429","http://lda.data.parliament.uk/members/429.csv","Derek","John","Twigg","Derek Twigg","1959-07-09","Male","Halton","Labour"
"1506","http://lda.data.parliament.uk/members/1506.csv","John","Andrew","Gwynne","Andrew Gwynne","1974-06-04","Male","Denton and Reddish","Labour"
"4090","http://lda.data.parliament.uk/members/4090.csv",NA,"Jonathan","Lord","Jonathan Lord","1962-09-17","Male","Woking","Conservative"
"4059","http://lda.data.parliament.uk/members/4059.csv",NA,"Simon ","Danczuk","Simon Danczuk","1966-10-24","Male","Rochdale","Labour"
"1473","http://lda.data.parliament.uk/members/1473.csv","Anthony","David","Laws","Mr David Laws","1965-11-30","Male","Yeovil","Liberal Democrat"
"4086","http://lda.data.parliament.uk/members/4086.csv",NA,"Alun","Cairns","Alun Cairns","1970-07-20","Male","Vale of Glamorgan","Conservative"
"140","http://lda.data.parliament.uk/members/140.csv","Eve","Margaret","Hodge","Margaret Hodge","1944-09-08","Female","Barking","Labour"
"366","http://lda.data.parliament.uk/members/366.csv","Harry","Kenneth","Clarke","Mr Kenneth Clarke","1940-07-02","Male","Rushcliffe","Conservative"
"4002","http://lda.data.parliament.uk/members/4002.csv",NA,"Nick","de Bois","Nick de Bois","1959-02-23","Male","Enfield North","Conservative"
"4117","http://lda.data.parliament.uk/members/4117.csv",NA,"Andrea","Leadsom","Andrea Leadsom","1963-05-13","Female","South Northamptonshire","Conservative"
"1396","http://lda.data.parliament.uk/members/1396.csv","Richard Peregrine","Ian","Liddell-Grainger","Mr Ian Liddell-Grainger","1959-02-23","Male","Bridgwater and West Somerset","Conservative"
"3982","http://lda.data.parliament.uk/members/3982.csv",NA,"Margaret","Curran","Margaret Curran","1958-11-24","Female","Glasgow East","Labour"
"627","http://lda.data.parliament.uk/members/627.csv","Menzies","Walter","Campbell","Sir Menzies Campbell","1941-05-22","Male","North East Fife","Liberal Democrat"
"1511","http://lda.data.parliament.uk/members/1511.csv","Christopher","Ian","Austin","Ian Austin","1965-03-06","Male","Dudley North","Labour"
"655","http://lda.data.parliament.uk/members/655.csv","Thomas William","Robert","McCrea","Dr William McCrea","1948-08-06","Male","South Antrim","Democratic Unionist"
"4058","http://lda.data.parliament.uk/members/4058.csv",NA,"Paul","Blomfield","Paul Blomfield","1953-08-25","Male","Sheffield Central","Labour"
"1504","http://lda.data.parliament.uk/members/1504.csv","John","Daniel","Rogerson","Dan Rogerson","1975-07-23","Male","North Cornwall","Liberal Democrat"
"603","http://lda.data.parliament.uk/members/603.csv","Stuart","Eric","Joyce","Eric Joyce","1960-10-13","Male","Falkirk","Independent"
"1211","http://lda.data.parliament.uk/members/1211.csv","John Bower","Andrew","Mitchell","Mr Andrew Mitchell","1956-03-23","Male","Sutton Coldfield","Conservative"
"4111","http://lda.data.parliament.uk/members/4111.csv",NA,"Tristram","Hunt","Tristram Hunt","1974-05-31","Male","Stoke-on-Trent Central","Labour"
"4081","http://lda.data.parliament.uk/members/4081.csv",NA,"Graham","Evans","Graham Evans","1963-11-10","Male","Weaver Vale","Conservative"
"36","http://lda.data.parliament.uk/members/36.csv","Fulton","Eleanor","Laing","Mrs Eleanor Laing","1958-02-01","Female","Epping Forest","Conservative"
"3969","http://lda.data.parliament.uk/members/3969.csv",NA,"Damian","Hinds","Damian Hinds","1969-11-27","Male","East Hampshire","Conservative"
"3933","http://lda.data.parliament.uk/members/3933.csv",NA,"Charlotte","Leslie","Charlotte Leslie","1978-08-11","Female","Bristol North West","Conservative"
"295","http://lda.data.parliament.uk/members/295.csv","Charles Scrimgeour","Richard","Shepherd","Sir Richard Shepherd","1942-12-06","Male","Aldridge-Brownhills","Conservative"
"1559","http://lda.data.parliament.uk/members/1559.csv","Philip","James","Duddridge","James Duddridge","1971-08-26","Male","Rochford and Southend East","Conservative"
"4077","http://lda.data.parliament.uk/members/4077.csv",NA,"Emma","Reynolds","Emma Reynolds","1977-11-02","Female","Wolverhampton North East","Labour"
"1610","http://lda.data.parliament.uk/members/1610.csv",NA,"Willie","Bain","Mr William Bain","1972-11-29","Male","Glasgow North East","Labour"
"1516","http://lda.data.parliament.uk/members/1516.csv","Francis","Andrew","Slaughter","Andy Slaughter","1960-09-29","Male","Hammersmith","Labour"
"1474","http://lda.data.parliament.uk/members/1474.csv",NA,"Albert","Owen","Albert Owen","1959-08-10","Male","Ynys Mn","Labour"
"534","http://lda.data.parliament.uk/members/534.csv","Shaun","Christopher","Ruane","Chris Ruane","1958-07-18","Male","Vale of Clwyd","Labour"
"576","http://lda.data.parliament.uk/members/576.csv","Currie","Sandra","Osborne","Sandra Osborne","1956-02-23","Female","Ayr, Carrick and Cumnock","Labour"
"343","http://lda.data.parliament.uk/members/343.csv","James Carter","Alan","Duncan","Sir Alan Duncan","1957-03-31","Male","Rutland and Melton","Conservative"
"1487","http://lda.data.parliament.uk/members/1487.csv","Martin","Tobias","Ellwood","Mr Tobias Ellwood","1966-08-12","Male","Bournemouth East","Conservative"
"1419","http://lda.data.parliament.uk/members/1419.csv",NA,"Ann","McKechin","Ann McKechin","1961-04-22","Female","Glasgow North","Labour"
"1170","http://lda.data.parliament.uk/members/1170.csv","Louise","Sarah","Teather","Sarah Teather","1974-06-01","Female","Brent Central","Liberal Democrat"
"4243","http://lda.data.parliament.uk/members/4243.csv","Owen Woolgar","Dan","Jarvis","Dan Jarvis","1972-11-30","Male","Barnsley Central","Labour"
"4121","http://lda.data.parliament.uk/members/4121.csv",NA,"Lorraine","Fullbrook","Lorraine Fullbrook","1959-07-28","Female","South Ribble","Conservative"
"165","http://lda.data.parliament.uk/members/165.csv","Stanley","Clive","Efford","Clive Efford","1958-07-10","Male","Eltham","Labour"
"3971","http://lda.data.parliament.uk/members/3971.csv",NA,"Charlie","Elphicke","Charlie Elphicke","1971-03-14","Male","Dover","Conservative"
"1589","http://lda.data.parliament.uk/members/1589.csv","Raymond","Gordon","Banks","Gordon Banks","1955-06-14","Male","Ochil and South Perthshire","Labour"
"4092","http://lda.data.parliament.uk/members/4092.csv",NA,"Stephen","Metcalfe","Stephen Metcalfe","1966-01-09","Male","South Basildon and East Thurrock","Conservative"
"3981","http://lda.data.parliament.uk/members/3981.csv",NA,"Anas","Sarwar","Anas Sarwar","1983-03-14","Male","Glasgow Central","Labour"
"3977","http://lda.data.parliament.uk/members/3977.csv",NA,"Chris","Heaton-Harris","Chris Heaton-Harris","1967-11-28","Male","Daventry","Conservative"
"4129","http://lda.data.parliament.uk/members/4129.csv",NA,"Ian","Paisley Junior","Ian Paisley","1966-12-12","Male","North Antrim","Democratic Unionist"
"394","http://lda.data.parliament.uk/members/394.csv","James Charles","Clive","Betts","Mr Clive Betts","1950-01-13","Male","Sheffield South East","Labour"
"1587","http://lda.data.parliament.uk/members/1587.csv","Bosco","Patrick","McFadden","Mr Pat McFadden","1965-03-26","Male","Wolverhampton South East","Labour"
"155","http://lda.data.parliament.uk/members/155.csv","Richard","Geraint","Davies","Geraint Davies","1960-05-03","Male","Swansea West","Labour (Co-op)"
"286","http://lda.data.parliament.uk/members/286.csv","Lorraine","Joan","Walley","Joan Walley","1949-01-23","Female","Stoke-on-Trent North","Labour"
"1220","http://lda.data.parliament.uk/members/1220.csv",NA,"Charles","Hendry","Charles Hendry","1959-05-06","Male","Wealden","Conservative"
"4066","http://lda.data.parliament.uk/members/4066.csv",NA,"Priti","Patel","Priti Patel","1972-03-29","Female","Witham","Conservative"
"1382","http://lda.data.parliament.uk/members/1382.csv","Hywel","David","Francis","Dr Hywel Francis","1946-06-06","Male","Aberavon","Labour"
"1427","http://lda.data.parliament.uk/members/1427.csv","Murray","Andrew","Burnham","Andy Burnham","1970-01-07","Male","Leigh","Labour"
"379","http://lda.data.parliament.uk/members/379.csv","Jefferson","William","Hague","Mr William Hague","1961-03-26","Male","Richmond (Yorks)","Conservative"
"163","http://lda.data.parliament.uk/members/163.csv","Creswell","Stephen","Timms","Stephen Timms","1955-07-29","Male","East Ham","Labour"
"3939","http://lda.data.parliament.uk/members/3939.csv",NA,"Andrew","Percy","Andrew Percy","1977-09-18","Male","Brigg and Goole","Conservative"
"3997","http://lda.data.parliament.uk/members/3997.csv",NA,"Alec","Shelbrooke","Alec Shelbrooke","1976-01-10","Male","Elmet and Rothwell","Conservative"
"1524","http://lda.data.parliament.uk/members/1524.csv","Olivia","Margaret","Hillier","Meg Hillier","1969-02-14","Female","Hackney South and Shoreditch","Labour (Co-op)"
"3916","http://lda.data.parliament.uk/members/3916.csv",NA,"Micael","Dugher","Michael Dugher","1975-04-06","Male","Barnsley East","Labour"
"1413","http://lda.data.parliament.uk/members/1413.csv","Stephen","Christopher","Grayling","Chris Grayling","1962-04-01","Male","Epsom and Ewell","Conservative"
"1481","http://lda.data.parliament.uk/members/1481.csv","Vanessa","Nadine","Dorries","Nadine Dorries","1957-05-21","Female","Mid Bedfordshire","Conservative"
"17","http://lda.data.parliament.uk/members/17.csv","Simon","John","Bercow","John Bercow","1963-01-19","Male","Buckingham","Speaker"
"3922","http://lda.data.parliament.uk/members/3922.csv",NA,"Conor","Burns","Conor Burns","1972-09-24","Male","Bournemouth West","Conservative"
"491","http://lda.data.parliament.uk/members/491.csv",NA,"Angela","Eagle","Ms Angela Eagle","1961-02-17","Female","Wallasey","Labour"
"1464","http://lda.data.parliament.uk/members/1464.csv",NA,"James","Sheridan","Jim Sheridan","1952-11-24","Male","Paisley and Renfrewshire North","Labour"
"159","http://lda.data.parliament.uk/members/159.csv","Jane Helen Douglas","Tessa","Jowell","Dame  Tessa Jowell","1947-09-17","Female","Dulwich and West Norwood","Labour"
"43","http://lda.data.parliament.uk/members/43.csv","Gordon Barraclough","Alan","Haselhurst","Sir Alan Haselhurst","1937-06-23","Male","Saffron Walden","Conservative"
"385","http://lda.data.parliament.uk/members/385.csv",NA,"Hugh","Bayley","Hugh Bayley","1952-01-09","Male","York Central","Labour"
"4277","http://lda.data.parliament.uk/members/4277.csv",NA,"Emma","Lewell-Buck","Mrs Emma Lewell-Buck","1978-11-08","Female","South Shields","Labour"
"1547","http://lda.data.parliament.uk/members/1547.csv","Henry Ronald","Richard","Benyon","Richard Benyon","1960-10-21","Male","Newbury","Conservative"
"123","http://lda.data.parliament.uk/members/123.csv","David","Andrew","Lansley","Mr Andrew Lansley","1956-12-11","Male","South Cambridgeshire","Conservative"
"1442","http://lda.data.parliament.uk/members/1442.csv","Morrison","Alistair","Carmichael","Mr Alistair Carmichael","1965-07-15","Male","Orkney and Shetland","Liberal Democrat"
"3988","http://lda.data.parliament.uk/members/3988.csv",NA,"Benedict","Gummer","Ben Gummer","1978-02-19","Male","Ipswich","Conservative"
"1571","http://lda.data.parliament.uk/members/1571.csv","Andrew","Michael","Gove","Michael Gove","1967-08-26","Male","Surrey Heath","Conservative"
"1569","http://lda.data.parliament.uk/members/1569.csv","Charles Douglas","Robert","Flello","Robert Flello","1966-01-14","Male","Stoke-on-Trent South","Labour"
"596","http://lda.data.parliament.uk/members/596.csv","Maclean","Alistair","Darling","Mr Alistair Darling","1953-11-28","Male","Edinburgh South West","Labour"
"4057","http://lda.data.parliament.uk/members/4057.csv",NA,"Nigel","Adams","Nigel Adams","1966-11-30","Male","Selby and Ainsty","Conservative"
"3970","http://lda.data.parliament.uk/members/3970.csv",NA,"Gareth","Johnson","Gareth Johnson","1969-10-12","Male","Dartford","Conservative"
"3910","http://lda.data.parliament.uk/members/3910.csv",NA,"Guto","Bebb","Guto Bebb","1968-10-09","Male","Aberconwy","Conservative"
"1467","http://lda.data.parliament.uk/members/1467.csv","William Donald","David","Cameron","Mr David Cameron","1966-10-09","Male","Witney","Conservative"
"4069","http://lda.data.parliament.uk/members/4069.csv",NA,"Peter","Aldous","Peter Aldous","1961-08-28","Male","Waveney","Conservative"
"3992","http://lda.data.parliament.uk/members/3992.csv",NA,"James","Morris","James Morris","1967-02-04","Male","Halesowen and Rowley Regis","Conservative"
"3929","http://lda.data.parliament.uk/members/3929.csv",NA,"Simon","Kirby","Simon Kirby","1964-12-22","Male","Brighton, Kemptown","Conservative"
"4062","http://lda.data.parliament.uk/members/4062.csv",NA,"Zac","Goldsmith","Zac Goldsmith","1975-01-20","Male","Richmond Park","Conservative"
"1451","http://lda.data.parliament.uk/members/1451.csv","Michael","Richard","Bacon","Mr Richard Bacon","1962-12-03","Male","South Norfolk","Conservative"
"549","http://lda.data.parliament.uk/members/549.csv",NA,"Elfyn","Llwyd","Mr Elfyn Llwyd","1951-09-26","Male","Dwyfor Meirionnydd","Plaid Cymru"
"3917","http://lda.data.parliament.uk/members/3917.csv",NA,"John","Woodcock","John Woodcock","1980-06-30","Male","Barrow and Furness","Labour (Co-op)"
"217","http://lda.data.parliament.uk/members/217.csv",NA,"Dawn","Primarolo","Dame Dawn Primarolo","1954-05-02","Female","Bristol South","Labour"
"1518","http://lda.data.parliament.uk/members/1518.csv","John Barrington","David","Burrowes","Mr David Burrowes","1969-06-12","Male","Enfield, Southgate","Conservative"
"3966","http://lda.data.parliament.uk/members/3966.csv",NA,"Ian","Murray","Ian Murray","1976-08-10","Male","Edinburgh South","Labour"
"3921","http://lda.data.parliament.uk/members/3921.csv",NA,"Phillip","Lee","Dr Phillip Lee","1970-09-28","Male","Bracknell","Conservative"
"1430","http://lda.data.parliament.uk/members/1430.csv","Stewart","David","Havard","Mr Dai Havard","1950-02-07","Male","Merthyr Tydfil and Rhymney","Labour"
"4108","http://lda.data.parliament.uk/members/4108.csv",NA,"Gavin","Williamson","Gavin Williamson","1976-06-25","Male","South Staffordshire","Conservative"
"4038","http://lda.data.parliament.uk/members/4038.csv",NA,"Heidi","Alexander","Heidi Alexander","1975-04-17","Female","Lewisham East","Labour"
"1579","http://lda.data.parliament.uk/members/1579.csv","Helen","Mary","Creagh","Mary Creagh","1967-12-02","Female","Wakefield","Labour"
"632","http://lda.data.parliament.uk/members/632.csv","Garven","Douglas","Alexander","Mr Douglas Alexander","1967-10-26","Male","Paisley and Renfrewshire South","Labour"
"3975","http://lda.data.parliament.uk/members/3975.csv",NA,"Chris","Kelly","Chris Kelly","1978-06-03","Male","Dudley South","Conservative"
"456","http://lda.data.parliament.uk/members/456.csv","Anne","Hazel","Blears","Hazel Blears","1956-05-14","Female","Salford and Eccles","Labour"
"1439","http://lda.data.parliament.uk/members/1439.csv","Peter","Norman","Lamb","Norman Lamb","1957-09-16","Male","North Norfolk","Liberal Democrat"
"4320","http://lda.data.parliament.uk/members/4320.csv",NA,"Robert","Jenrick","Robert Jenrick","1982-01-09","Male","Newark","Conservative"
"4053","http://lda.data.parliament.uk/members/4053.csv",NA,"Heather","Wheeler","Heather Wheeler","1959-05-14","Female","South Derbyshire","Conservative"
"288","http://lda.data.parliament.uk/members/288.csv","Nigel Paul","William","Cash","Sir William Cash","1940-05-10","Male","Stone","Conservative"
"1426","http://lda.data.parliament.uk/members/1426.csv","John","Andrew","Turner","Mr Andrew Turner","1953-10-24","Male","Isle of Wight","Conservative"
"204","http://lda.data.parliament.uk/members/204.csv","Kenneth","Paul","Burstow","Paul Burstow","1962-05-13","Male","Sutton and Cheam","Liberal Democrat"
"88","http://lda.data.parliament.uk/members/88.csv","Cather","Michael","Fallon","Michael Fallon","1952-05-14","Male","Sevenoaks","Conservative"
"3967","http://lda.data.parliament.uk/members/3967.csv",NA,"Mike ","Crockart","Mike Crockart","1966-03-19","Male","Edinburgh West","Liberal Democrat"
"231","http://lda.data.parliament.uk/members/231.csv","Barton","Nicholas","Harvey","Sir Nick Harvey","1961-08-03","Male","North Devon","Liberal Democrat"
"4101","http://lda.data.parliament.uk/members/4101.csv",NA,"Stephen","Gilbert","Stephen Gilbert","1976-11-06","Male","St Austell and Newquay","Liberal Democrat"
"312","http://lda.data.parliament.uk/members/312.csv","Alice","Caroline","Spelman","Mrs Caroline Spelman","1958-05-04","Female","Meriden","Conservative"
"1480","http://lda.data.parliament.uk/members/1480.csv","Frances Lewis","Maria","Miller","Maria Miller","1964-03-26","Female","Basingstoke","Conservative"
"124","http://lda.data.parliament.uk/members/124.csv","Edward Thornton","James","Paice","Sir James Paice","1949-04-24","Male","South East Cambridgeshire","Conservative"
"4023","http://lda.data.parliament.uk/members/4023.csv",NA,"Karen","Lumley","Karen Lumley","1964-03-28","Female","Redditch","Conservative"
"1544","http://lda.data.parliament.uk/members/1544.csv","Mark","John","Lancaster","Mark Lancaster","1970-05-12","Male","Milton Keynes North","Conservative"
"4068","http://lda.data.parliament.uk/members/4068.csv",NA,"Richard","Harrington","Richard Harrington","1957-11-04","Male","Watford","Conservative"
"1508","http://lda.data.parliament.uk/members/1508.csv","Geoffrey","Charles","Cox","Mr Geoffrey Cox","1960-04-30","Male","Torridge and West Devon","Conservative"
"3915","http://lda.data.parliament.uk/members/3915.csv",NA,"Gloria","De Piero","Gloria De Piero","1972-12-21","Female","Ashfield","Labour"
"1448","http://lda.data.parliament.uk/members/1448.csv","Patricia","Margaret","Munn","Meg Munn","1959-08-24","Female","Sheffield, Heeley","Labour (Co-op)"
"3999","http://lda.data.parliament.uk/members/3999.csv",NA,"Graham ","Jones","Graham Jones","1966-03-03","Male","Hyndburn","Labour"
"3968","http://lda.data.parliament.uk/members/3968.csv",NA,"Stephen","Lloyd","Stephen Lloyd","1957-06-15","Male","Eastbourne","Liberal Democrat"
"1548","http://lda.data.parliament.uk/members/1548.csv","Elizabeth","Jessica","Morden","Jessica Morden","1968-05-29","Female","Newport East","Labour"
"4267","http://lda.data.parliament.uk/members/4267.csv","Deborah","Sarah","Champion","Sarah Champion","1969-03-10","Female","Rotherham","Labour"
"4007","http://lda.data.parliament.uk/members/4007.csv",NA,"Dominic","Raab","Mr Dominic Raab","1974-02-25","Male","Esher and Walton","Conservative"
"1387","http://lda.data.parliament.uk/members/1387.csv",NA,"John","Mann","John Mann","1960-01-10","Male","Bassetlaw","Labour"
"4030","http://lda.data.parliament.uk/members/4030.csv",NA,"Karl","Turner","Karl Turner","1971-04-15","Male","Kingston upon Hull East","Labour"
"4132","http://lda.data.parliament.uk/members/4132.csv",NA,"Richard","Drax","Richard Drax","1958-01-29","Male","South Dorset","Conservative"
"4098","http://lda.data.parliament.uk/members/4098.csv",NA,"Therese","Coffey","Dr Thrse Coffey","1971-11-18","Female","Suffolk Coastal","Conservative"
"1428","http://lda.data.parliament.uk/members/1428.csv","David","William","Wiggin","Bill Wiggin","1966-06-04","Male","North Herefordshire","Conservative"
"3983","http://lda.data.parliament.uk/members/3983.csv",NA,"Amber","Rudd","Amber Rudd","1963-08-01","Female","Hastings and Rye","Conservative"
"4016","http://lda.data.parliament.uk/members/4016.csv",NA,"George","Hollingbery","George Hollingbery","1963-10-12","Male","Meon Valley","Conservative"
"489","http://lda.data.parliament.uk/members/489.csv","Leonard","David","Watts","Mr Dave Watts","1951-08-26","Male","St Helens North","Labour"
"4052","http://lda.data.parliament.uk/members/4052.csv",NA,"Mark","Pawsey","Mark Pawsey","1957-01-16","Male","Rugby","Conservative"
"474","http://lda.data.parliament.uk/members/474.csv","Martin","Nigel","Evans","Mr Nigel Evans","1957-11-10","Male","Ribble Valley","Conservative"
"4100","http://lda.data.parliament.uk/members/4100.csv",NA,"Sheryll","Murray","Sheryll Murray","1956-02-04","Female","South East Cornwall","Conservative"
"3946","http://lda.data.parliament.uk/members/3946.csv",NA,"Gordon","Birtwistle","Gordon Birtwistle","1943-09-06","Male","Burnley","Liberal Democrat"
"1521","http://lda.data.parliament.uk/members/1521.csv",NA,"Sharon","Hodgson","Mrs Sharon Hodgson","1966-04-01","Female","Washington and Sunderland West","Labour"
"4037","http://lda.data.parliament.uk/members/4037.csv",NA,"Tom","Blenkinsop","Tom Blenkinsop","1980-08-14","Male","Middlesbrough South and East Cleveland","Labour"
"1490","http://lda.data.parliament.uk/members/1490.csv",NA,"Madeleine","Moon","Mrs Madeleine Moon","1950-03-27","Female","Bridgend","Labour"
"1484","http://lda.data.parliament.uk/members/1484.csv","Catherine","Helen","Goodman","Helen Goodman","1958-01-02","Female","Bishop Auckland","Labour"
"1436","http://lda.data.parliament.uk/members/1436.csv","Paul","Christopher","Farrelly","Paul Farrelly","1962-03-02","Male","Newcastle-under-Lyme","Labour"
"76","http://lda.data.parliament.uk/members/76.csv","Howard","Damian","Green","Damian Green","1956-01-17","Male","Ashford","Conservative"
"595","http://lda.data.parliament.uk/members/595.csv",NA,"James","Murphy","Mr Jim Murphy","1967-08-23","Male","East Renfrewshire","Labour"
"1200","http://lda.data.parliament.uk/members/1200.csv",NA,"Gregory","Knight","Sir Greg Knight","1949-04-04","Male","East Yorkshire","Conservative"
"546","http://lda.data.parliament.uk/members/546.csv","Peter","Paul","Murphy","Paul Murphy","1948-11-25","Male","Torfaen","Labour"
"4127","http://lda.data.parliament.uk/members/4127.csv",NA,"Julie ","Elliott","Julie Elliott","1963-07-29","Female","Sunderland Central","Labour"
"1535","http://lda.data.parliament.uk/members/1535.csv","Grian","Daniel","Alexander","Danny Alexander","1972-05-15","Male","Inverness, Nairn, Badenoch and Strathspey","Liberal Democrat"
"4021","http://lda.data.parliament.uk/members/4021.csv",NA,"Chris","Skidmore","Chris Skidmore","1981-05-17","Male","Kingswood","Conservative"
"184","http://lda.data.parliament.uk/members/184.csv","John","Michael","Gapes","Mike Gapes","1952-09-04","Male","Ilford South","Labour (Co-op)"
"4253","http://lda.data.parliament.uk/members/4253.csv",NA,"Seema","Malhotra","Seema Malhotra","1970-08-07","Female","Feltham and Heston","Labour (Co-op)"
"4099","http://lda.data.parliament.uk/members/4099.csv",NA,"Jacob","Rees-Mogg","Jacob Rees-Mogg","1969-05-24","Male","North East Somerset","Conservative"
"214","http://lda.data.parliament.uk/members/214.csv","Michael Ellison","Donald","Foster","Mr Don Foster","1947-03-31","Male","Bath","Liberal Democrat"
"53","http://lda.data.parliament.uk/members/53.csv","Lindsay","David","Willetts","Mr David Willetts","1956-03-09","Male","Havant","Conservative"
"3993","http://lda.data.parliament.uk/members/3993.csv",NA,"Jessica","Lee","Jessica Lee","1976-04-07","Female","Erewash","Conservative"
"350","http://lda.data.parliament.uk/members/350.csv","Henry","John","Hayes","Mr John Hayes","1958-06-23","Male","South Holland and The Deepings","Conservative"
"1561","http://lda.data.parliament.uk/members/1561.csv","Richard","Nicholas","Hurd","Mr Nick Hurd","1962-05-13","Male","Ruislip, Northwood and Pinner","Conservative"
"4134","http://lda.data.parliament.uk/members/4134.csv",NA,"Kwasi","Kwarteng","Kwasi Kwarteng","1975-05-26","Male","Spelthorne","Conservative"
"209","http://lda.data.parliament.uk/members/209.csv","John","Alexander","Randall","Sir John Randall","1955-08-05","Male","Uxbridge and South Ruislip","Conservative"
"361","http://lda.data.parliament.uk/members/361.csv","Alan","Joseph","Meale","Sir Alan Meale","1949-07-31","Male","Mansfield","Labour"
"1453","http://lda.data.parliament.uk/members/1453.csv","Edmund Armstrong","Andrew","Selous","Andrew Selous","1962-04-27","Male","South West Bedfordshire","Conservative"
"193","http://lda.data.parliament.uk/members/193.csv","Ann","Siobhain","McDonagh","Siobhain McDonagh","1960-02-20","Female","Mitcham and Morden","Labour"
"435","http://lda.data.parliament.uk/members/435.csv","Stuart","Graham","Brady","Mr Graham Brady","1967-05-20","Male","Altrincham and Sale West","Conservative"
"481","http://lda.data.parliament.uk/members/481.csv","Edward","George","Howarth","Mr George Howarth","1949-06-29","Male","Knowsley","Labour"
"114","http://lda.data.parliament.uk/members/114.csv","Paul","Timothy","Loughton","Tim Loughton","1962-05-30","Male","East Worthing and Shoreham","Conservative"
"3984","http://lda.data.parliament.uk/members/3984.csv",NA,"Mike","Weatherley","Mike Weatherley","1957-07-02","Male","Hove","Conservative"
"420","http://lda.data.parliament.uk/members/420.csv",NA,"Yvette","Cooper","Yvette Cooper","1969-03-20","Female","Normanton, Pontefract and Castleford","Labour"
"237","http://lda.data.parliament.uk/members/237.csv","Mark","Adrian","Sanders","Mr Adrian Sanders","1959-04-25","Male","Torbay","Liberal Democrat"
"1546","http://lda.data.parliament.uk/members/1546.csv","Brendan","Angus","MacNeil","Mr Angus Brendan MacNeil","1970-07-21","Male","Na h-Eileanan an Iar","Scottish National"
"395","http://lda.data.parliament.uk/members/395.csv",NA,"David","Blunkett","Mr David Blunkett","1947-06-06","Male","Sheffield, Brightside and Hillsborough","Labour"
"4114","http://lda.data.parliament.uk/members/4114.csv",NA,"Chris","White","Chris White","1967-04-28","Male","Warwick and Leamington","Conservative"
"4122","http://lda.data.parliament.uk/members/4122.csv",NA,"Alex","Cunningham","Alex Cunningham","1955-05-01","Male","Stockton North","Labour"
"77","http://lda.data.parliament.uk/members/77.csv","William Hendy","Julian","Brazier","Mr Julian Brazier","1953-07-24","Male","Canterbury","Conservative"
"1510","http://lda.data.parliament.uk/members/1510.csv","Samuel","Edward","Miliband","Edward Miliband","1969-12-24","Male","Doncaster North","Labour"
"4120","http://lda.data.parliament.uk/members/4120.csv",NA,"Kate ","Green","Kate Green","1960-05-02","Female","Stretford and Urmston","Labour"
"69","http://lda.data.parliament.uk/members/69.csv",NA,"Oliver","Heald","Sir Oliver Heald","1954-12-15","Male","North East Hertfordshire","Conservative"
"1461","http://lda.data.parliament.uk/members/1461.csv",NA,"David","Wright","David Wright","1966-12-22","Male","Telford","Labour"
"1415","http://lda.data.parliament.uk/members/1415.csv","Michael","Hugh","Robertson","Sir Hugh Robertson","1962-10-09","Male","Faversham and Mid Kent","Conservative"
"4011","http://lda.data.parliament.uk/members/4011.csv",NA,"Cathy","Jamieson","Cathy Jamieson","1956-11-03","Female","Kilmarnock and Loudoun","Labour (Co-op)"
"334","http://lda.data.parliament.uk/members/334.csv","Robert George","Andrew","Robathan","Mr Andrew Robathan","1951-07-17","Male","South Leicestershire","Conservative"
"105","http://lda.data.parliament.uk/members/105.csv",NA,"Philip","Hammond","Mr Philip Hammond","1955-12-04","Male","Runnymede and Weybridge","Conservative"
"1568","http://lda.data.parliament.uk/members/1568.csv","Margaret","Anne","Main","Mrs Anne Main","1957-05-17","Female","St Albans","Conservative"
"4263","http://lda.data.parliament.uk/members/4263.csv","Maria","Lucy","Powell","Lucy Powell","1974-10-10","Female","Manchester Central","Labour"
"234","http://lda.data.parliament.uk/members/234.csv","Nicholas","Gary","Streeter","Mr Gary Streeter","1955-10-02","Male","South West Devon","Conservative"
"1383","http://lda.data.parliament.uk/members/1383.csv","Richard","Mark","Tami","Mark Tami","1962-10-03","Male","Alyn and Deeside","Labour"
"3980","http://lda.data.parliament.uk/members/3980.csv",NA,"Sam","Gyimah","Mr Sam Gyimah","1976-08-10","Male","East Surrey","Conservative"
"4015","http://lda.data.parliament.uk/members/4015.csv",NA,"Iain","Stewart","Iain Stewart","1972-09-18","Male","Milton Keynes South","Conservative"
"1425","http://lda.data.parliament.uk/members/1425.csv","Simon","Jonathan","Djanogly","Mr Jonathan Djanogly","1965-06-03","Male","Huntingdon","Conservative"
"1563","http://lda.data.parliament.uk/members/1563.csv","William Peter","Nicholas","Clegg","Mr Nick Clegg","1967-01-07","Male","Sheffield, Hallam","Liberal Democrat"
"4123","http://lda.data.parliament.uk/members/4123.csv",NA,"James","Wharton","James Wharton","1984-02-16","Male","Stockton South","Conservative"
"1577","http://lda.data.parliament.uk/members/1577.csv","Aman","Sadiq","Khan","Sadiq Khan","1970-10-08","Male","Tooting","Labour"
"4045","http://lda.data.parliament.uk/members/4045.csv",NA,"Ian","Swales","Ian Swales","1953-04-05","Male","Redcar","Liberal Democrat"
"1479","http://lda.data.parliament.uk/members/1479.csv","Le Quesne","Nicholas","Herbert","Nick Herbert","1963-04-07","Male","Arundel and South Downs","Conservative"
"4249","http://lda.data.parliament.uk/members/4249.csv",NA,"Anne Marie","Morris","Anne Marie Morris","1957-07-05","Female","Newton Abbot","Conservative"
"650","http://lda.data.parliament.uk/members/650.csv","Mark","Jeffrey","Donaldson","Mr Jeffrey M. Donaldson","1962-12-07","Male","Lagan Valley","Democratic Unionist"
"4080","http://lda.data.parliament.uk/members/4080.csv",NA,"David","Mowat","David Mowat","1957-02-20","Male","Warrington South","Conservative"
"582","http://lda.data.parliament.uk/members/582.csv",NA,"James","Hood","Mr Jim Hood","1948-05-16","Male","Lanark and Hamilton East","Labour"
"1597","http://lda.data.parliament.uk/members/1597.csv",NA,"David","Simpson","David Simpson","1959-02-16","Male","Upper Bann","Democratic Unionist"
"4104","http://lda.data.parliament.uk/members/4104.csv",NA,"Neil","Carmichael","Neil Carmichael","1961-04-15","Male","Stroud","Conservative"
"1575","http://lda.data.parliament.uk/members/1575.csv","Richard","Jeremy","Browne","Mr Jeremy Browne","1970-05-17","Male","Taunton Deane","Liberal Democrat"
"1414","http://lda.data.parliament.uk/members/1414.csv","Gerard","Mark","Hoban","Mr Mark Hoban","1964-03-31","Male","Fareham","Conservative"
"56","http://lda.data.parliament.uk/members/56.csv","Norwich","James","Arbuthnot","Mr James Arbuthnot","1952-08-04","Male","North East Hampshire","Conservative"
"4138","http://lda.data.parliament.uk/members/4138.csv",NA,"Rushanara","Ali","Rushanara Ali","1975-03-14","Female","Bethnal Green and Bow","Labour"
"1609","http://lda.data.parliament.uk/members/1609.csv",NA,"Chloe","Smith","Chloe Smith","1982-05-17","Female","Norwich North","Conservative"
